zip_code,burger_count,median,hotdog_count,mex_count,pizza_count,deli_count
60089,2.0,102256,0,0,0,0
90305,1.0,34421,0,0,0,0
60402,1.0,52331,0,0,0,0
90304,2.0,36108,0,0,0,0
90755,1.0,36506,0,0,0,0
11217,3.0,71494,0,0,0,0
10467,2.0,25840,0,0,0,0
91303,1.0,88567,0,0,0,0
75039,1.0,0,0,0,0,0
90262,6.0,41431,0,0,0,0
11224,1.0,44938,0,0,0,0
77386,1.0,58424,0,0,0,0
90210,1.0,208338,0,0,0,0
94118,3.0,63551,0,0,0,0
24201,4.0,25864,0,0,0,0
60176,1.0,62081,0,0,0,0
93277,7.0,87021,0,0,0,0
10003,5.0,300000,0,0,0,0
10282,1.0,0,0,0,0,0
90638,3.0,96936,0,0,0,0
91801,3.0,104023,0,0,0,0
90064,5.0,300000,0,0,0,0
90047,2.0,26090,0,0,0,0
90004,2.0,37893,0,0,0,0
77503,1.0,51664,0,0,0,0
22030,2.0,300000,0,0,0,0
90242,6.0,76695,0,0,0,0
10462,3.0,50224,0,0,0,0
37066,2.0,57335,0,0,0,0
77381,3.0,74749,0,0,0,0
10025,3.0,300000,0,0,0,0
75232,1.0,300000,0,0,0,0
90710,1.0,48109,0,0,0,0
32011,3.0,25171,0,0,0,0
77379,4.0,48975,0,0,0,0
11101,2.0,40506,0,0,0,0
77385,2.0,90121,0,0,0,0
75063,5.0,73694,0,0,0,0
60616,1.0,44154,0,0,0,0
93536,2.0,57343,0,0,0,0
77017,1.0,47364,0,0,0,0
75218,2.0,55994,0,0,0,0
7024,1.0,74430,0,0,0,0
60657,3.0,58437,0,0,0,0
32065,1.0,88279,0,0,0,0
77089,1.0,300000,0,0,0,0
90018,2.0,37415,0,0,0,0
90740,2.0,65316,0,0,0,0
90723,4.0,45286,0,0,0,0
90230,2.0,300000,0,0,0,0
77095,3.0,41168,0,0,0,0
10027,2.0,128764,0,0,0,0
52601,6.0,300000,0,0,0,0
11220,1.0,38931,0,0,0,0
90212,1.0,89224,0,0,0,0
32119,1.0,39156,0,0,0,0
90019,2.0,42865,0,0,0,0
91506,1.0,300000,0,0,0,0
11379,1.0,57353,0,0,0,0
94109,5.0,105824,0,0,0,0
77301,3.0,56057,0,0,0,0
75212,1.0,27521,0,0,0,0
10128,1.0,129437,0,0,0,0
11373,1.0,28666,0,0,0,0
77035,4.0,71137,0,0,0,0
22305,1.0,52927,0,0,0,0
77449,2.0,300000,0,0,0,0
11377,2.0,300000,0,0,0,0
90712,3.0,99591,0,0,0,0
90280,9.0,42954,0,0,0,0
75244,1.0,151318,0,0,0,0
90802,2.0,28386,0,0,0,0
11201,4.0,105949,0,0,0,0
60060,1.0,77622,0,0,0,0
11420,1.0,45629,0,0,0,0
94121,2.0,131522,0,0,0,0
75061,2.0,52672,0,0,0,0
93722,2.0,53793,0,0,0,0
75238,2.0,34726,0,0,0,0
75028,5.0,75687,0,0,0,0
22314,3.0,99420,0,0,0,0
11214,1.0,45784,0,0,0,0
92833,5.0,300000,0,0,0,0
90606,3.0,58849,0,0,0,0
60191,1.0,64058,0,0,0,0
90660,6.0,73063,0,0,0,0
77004,1.0,20333,0,0,0,0
10452,3.0,29544,0,0,0,0
11236,2.0,73363,0,0,0,0
22304,2.0,201141,0,0,0,0
60035,1.0,141411,0,0,0,0
90039,1.0,300000,0,0,0,0
90302,4.0,32606,0,0,0,0
11105,2.0,65991,0,0,0,0
75042,2.0,24891,0,0,0,0
11211,3.0,87129,0,0,0,0
10451,4.0,13246,0,0,0,0
94112,1.0,83574,0,0,0,0
90062,3.0,38509,0,0,0,0
75010,1.0,82207,0,0,0,0
91754,1.0,60854,0,0,0,0
11233,1.0,59463,0,0,0,0
60018,8.0,55845,0,0,0,0
60659,1.0,72810,0,0,0,0
60002,1.0,70658,0,0,0,0
20190,3.0,142406,0,0,0,0
75214,4.0,64156,0,0,0,0
7201,4.0,42072,0,0,0,0
90025,7.0,97041,0,0,0,0
22204,2.0,300000,0,0,0,0
91770,2.0,66462,0,0,0,0
10028,1.0,35461,0,0,0,0
91206,2.0,300000,0,0,0,0
10001,1.0,40262,0,0,0,0
22201,2.0,300000,0,0,0,0
22307,1.0,124984,0,0,0,0
10314,2.0,108326,0,0,0,0
60056,3.0,131178,0,0,0,0
10034,2.0,49572,0,0,0,0
22044,3.0,197065,0,0,0,0
75243,5.0,0,0,0,0,0
32244,1.0,37446,0,0,0,0
11432,1.0,49395,0,0,0,0
90717,3.0,140323,0,0,0,0
92102,1.0,30825,0,0,0,0
11203,3.0,54670,0,0,0,0
32205,2.0,300000,0,0,0,0
60085,4.0,46446,0,0,0,0
90059,1.0,12486,0,0,0,0
93703,4.0,21914,0,0,0,0
90266,5.0,206024,0,0,0,0
10032,2.0,17598,0,0,0,0
11222,2.0,63790,0,0,0,0
60605,1.0,15307,0,0,0,0
91605,1.0,26032,0,0,0,0
10009,1.0,23603,0,0,0,0
93312,4.0,68372,0,0,0,0
32128,1.0,83574,0,0,0,0
90015,1.0,36291,0,0,0,0
93711,1.0,83707,0,0,0,0
60073,2.0,43465,0,0,0,0
90605,2.0,300000,0,0,0,0
90731,1.0,55848,0,0,0,0
91107,2.0,24459,0,0,0,0
91604,2.0,300000,0,0,0,0
32210,2.0,21983,0,0,0,0
90805,7.0,52217,0,0,0,0
10014,1.0,96567,0,0,0,0
11229,1.0,67319,0,0,0,0
93534,2.0,56932,0,0,0,0
90221,4.0,43934,0,0,0,0
90016,5.0,25753,0,0,0,0
10458,1.0,45215,0,0,0,0
10471,2.0,93413,0,0,0,0
90278,2.0,300000,0,0,0,0
32114,5.0,33511,0,0,0,0
20121,2.0,106122,0,0,0,0
90043,5.0,31219,0,0,0,0
11213,1.0,33732,0,0,0,0
32003,3.0,300000,0,0,0,0
77071,1.0,33782,0,0,0,0
10029,5.0,58119,0,0,0,0
32254,2.0,25471,0,0,0,0
77380,1.0,300000,0,0,0,0
91602,1.0,76209,0,0,0,0
60106,2.0,65622,0,0,0,0
60624,1.0,37367,0,0,0,0
32127,4.0,42981,0,0,0,0
90301,3.0,32736,0,0,0,0
90220,2.0,43250,0,0,0,0
10031,2.0,0,0,0,0,0
37075,2.0,101195,0,0,0,0
77099,3.0,30582,0,0,0,0
77045,2.0,50593,0,0,0,0
75206,4.0,81177,0,0,0,0
32225,2.0,100253,0,0,0,0
60645,2.0,58498,0,0,0,0
90250,10.0,40862,0,0,0,0
76014,1.0,300000,0,0,0,0
10453,1.0,24947,0,0,0,0
60660,3.0,64803,0,0,0,0
75070,2.0,101768,0,0,0,0
93304,4.0,56986,0,0,0,0
37620,3.0,38962,0,0,0,0
90241,3.0,53192,0,0,0,0
60612,2.0,11398,0,0,0,0
90022,3.0,44387,0,0,0,0
37043,1.0,48077,0,0,0,0
77006,2.0,43092,0,0,0,0
60160,1.0,40406,0,0,0,0
10461,1.0,47243,0,0,0,0
32304,1.0,11275,0,0,0,0
75150,5.0,66697,0,0,0,0
77389,1.0,300000,0,0,0,0
90670,3.0,60661,0,0,0,0
90303,5.0,80697,0,0,0,0
77339,7.0,96054,0,0,0,0
75062,5.0,300000,0,0,0,0
11106,3.0,0,0,0,0,0
60153,1.0,29894,0,0,0,0
10301,1.0,0,0,0,0,0
22206,1.0,99406,0,0,0,0
37207,1.0,22611,0,0,0,0
10469,1.0,69658,0,0,0,0
92841,1.0,67012,0,0,0,0
92130,1.0,132606,0,0,0,0
77479,1.0,67678,0,0,0,0
75093,1.0,93560,0,0,0,0
91502,1.0,35793,0,0,0,0
37042,2.0,52917,0,0,0,0
37027,5.0,121721,0,0,0,0
94107,3.0,120979,0,0,0,0
90806,3.0,37827,0,0,0,0
94127,1.0,300000,0,0,0,0
93727,1.0,300000,0,0,0,0
11226,2.0,32427,0,0,0,0
93311,1.0,91187,0,0,0,0
90245,5.0,86968,0,0,0,0
11385,4.0,64342,0,0,0,0
90042,5.0,49009,0,0,0,0
10033,1.0,56347,0,0,0,0
20164,3.0,300000,0,0,0,0
90601,1.0,78658,0,0,0,0
90046,3.0,46897,0,0,0,0
90049,1.0,300000,0,0,0,0
90403,1.0,156861,0,0,0,0
22207,2.0,300000,0,0,0,0
75041,5.0,37138,0,0,0,0
32073,3.0,43800,0,0,0,0
75044,1.0,56935,0,0,0,0
60015,1.0,300000,0,0,0,0
10475,3.0,41374,0,0,0,0
92110,1.0,122111,0,0,0,0
90602,1.0,48157,0,0,0,0
94114,2.0,300000,0,0,0,0
11372,2.0,46396,0,0,0,0
32303,1.0,39098,0,0,0,0
92804,1.0,300000,0,0,0,0
90201,9.0,56738,0,0,0,0
60618,4.0,109819,0,0,0,0
75231,2.0,26723,0,0,0,0
32301,2.0,48248,0,0,0,0
10016,1.0,68128,0,0,0,0
75020,1.0,300000,0,0,0,0
60014,3.0,76573,0,0,0,0
94117,1.0,300000,0,0,0,0
77477,3.0,56852,0,0,0,0
75224,2.0,37844,0,0,0,0
75001,2.0,70948,0,0,0,0
11207,4.0,19694,0,0,0,0
60706,1.0,45630,0,0,0,0
91103,1.0,44804,0,0,0,0
22041,1.0,65204,0,0,0,0
90048,2.0,62610,0,0,0,0
91205,3.0,39268,0,0,0,0
10040,1.0,76494,0,0,0,0
77030,2.0,102799,0,0,0,0
60631,1.0,88435,0,0,0,0
93313,2.0,46767,0,0,0,0
90650,7.0,300000,0,0,0,0
90023,6.0,19354,0,0,0,0
75007,4.0,65585,0,0,0,0
75219,2.0,126166,0,0,0,0
75154,1.0,57921,0,0,0,0
20120,1.0,115256,0,0,0,0
75201,2.0,74606,0,0,0,0
77450,1.0,102269,0,0,0,0
75081,2.0,83502,0,0,0,0
60013,1.0,300000,0,0,0,0
94123,1.0,110331,0,0,0,0
22302,1.0,121631,0,0,0,0
91030,3.0,55405,0,0,0,0
90501,4.0,63008,0,0,0,0
11369,3.0,300000,0,0,0,0
93955,1.0,20035,0,0,0,0
75205,2.0,215868,0,0,0,0
22180,3.0,300000,0,0,0,0
75074,6.0,105287,0,0,0,0
10024,2.0,300000,0,0,0,0
60646,1.0,111554,0,0,0,0
90044,6.0,27101,0,0,0,0
90045,8.0,107969,0,0,0,0
77005,3.0,300000,0,0,0,0
90027,3.0,64881,0,0,0,0
90620,2.0,73636,0,0,0,0
10455,1.0,21900,0,0,0,0
11238,2.0,65566,0,0,0,0
90808,3.0,300000,0,0,0,0
93704,1.0,75728,0,0,0,0
93308,3.0,35774,0,0,0,0
60640,2.0,62188,0,0,0,0
22033,3.0,300000,0,0,0,0
77306,1.0,39848,0,0,0,0
93420,2.0,63124,0,0,0,0
75077,3.0,300000,0,0,0,0
94103,1.0,17195,0,0,0,0
93710,3.0,30873,0,0,0,0
90505,4.0,300000,0,0,0,0
11378,2.0,49897,0,0,0,0
10036,4.0,0,0,0,0,0
60546,1.0,60063,0,0,0,0
75215,1.0,19549,0,0,0,0
60108,1.0,65615,0,0,0,0
90745,5.0,57020,0,0,0,0
77081,2.0,21377,0,0,0,0
90035,3.0,77492,0,0,0,0
90746,3.0,48895,0,0,0,0
37210,1.0,300000,0,0,0,0
11230,2.0,48180,0,0,0,0
93305,3.0,52669,0,0,0,0
75034,5.0,300000,0,0,0,0
22003,1.0,82442,0,0,0,0
90503,2.0,300000,0,0,0,0
93292,4.0,32526,0,0,0,0
75204,2.0,84399,0,0,0,0
60016,2.0,65670,0,0,0,0
90036,5.0,300000,0,0,0,0
77346,2.0,68943,0,0,0,0
60046,1.0,69791,0,0,0,0
90814,1.0,47193,0,0,0,0
75067,7.0,300000,0,0,0,0
10019,6.0,69242,0,0,0,0
77489,1.0,47940,0,0,0,0
37013,5.0,43894,0,0,0,0
20147,4.0,119556,0,0,0,0
93612,1.0,46353,0,0,0,0
90703,3.0,96089,0,0,0,0
75287,1.0,32230,0,0,0,0
10002,2.0,91469,0,0,0,0
75116,1.0,47424,0,0,0,0
10454,2.0,38649,0,0,0,0
75115,1.0,58616,0,0,0,0
77070,1.0,65430,0,0,0,0
90255,8.0,27107,0,0,0,0
91601,1.0,40557,0,0,0,0
75056,5.0,300000,0,0,0,0
77032,3.0,51439,0,0,0,0
75050,2.0,34200,0,0,0,0
37203,4.0,23571,0,0,0,0
60004,2.0,95962,0,0,0,0
22306,1.0,58295,0,0,0,0
11237,6.0,62611,0,0,0,0
77057,2.0,59601,0,0,0,0
10026,2.0,25997,0,0,0,0
60647,2.0,66598,0,0,0,0
94131,2.0,94516,0,0,0,0
90292,2.0,94781,0,0,0,0
90002,3.0,18303,0,0,0,0
90640,4.0,49628,0,0,0,0
60025,4.0,69189,0,0,0,0
94709,1.0,35427,0,0,0,0
90291,3.0,117987,0,0,0,0
37217,4.0,27852,0,0,0,0
90630,3.0,300000,0,0,0,0
10459,3.0,24844,0,0,0,0
60644,2.0,37632,0,0,0,0
60091,1.0,300000,0,0,0,0
10010,1.0,151229,0,0,0,0
90502,5.0,63800,0,0,0,0
60642,1.0,74140,0,0,0,0
92101,1.0,69051,0,0,0,0
32216,2.0,66153,0,0,0,0
77478,2.0,80183,0,0,0,0
90061,1.0,44268,0,0,0,0
60607,6.0,125702,0,0,0,0
75240,3.0,71788,0,0,0,0
11103,4.0,82248,0,0,0,0
11210,3.0,48829,0,0,0,0
90813,2.0,24828,0,0,0,0
60090,1.0,58788,0,0,0,0
20110,2.0,72878,0,0,0,0
37206,2.0,300000,0,0,0,0
11419,1.0,41819,0,0,0,0
11212,1.0,37854,0,0,0,0
90810,3.0,94556,0,0,0,0
60131,1.0,36424,0,0,0,0
20155,1.0,105372,0,0,0,0
90041,3.0,59408,0,0,0,0
32224,2.0,300000,0,0,0,0
75248,2.0,86387,0,0,0,0
60154,1.0,300000,0,0,0,0
11221,1.0,45627,0,0,0,0
60714,1.0,76515,0,0,0,0
11416,2.0,50644,0,0,0,0
10022,3.0,17622,0,0,0,0
75002,1.0,169040,0,0,0,0
77072,3.0,300000,0,0,0,0
60067,4.0,300000,0,0,0,0
90007,3.0,38672,0,0,0,0
75052,3.0,104518,0,0,0,0
93726,2.0,46592,0,0,0,0
77494,1.0,141709,0,0,0,0
75023,7.0,300000,0,0,0,0
10013,3.0,54857,0,0,0,0
92683,1.0,43211,0,0,0,0
90744,3.0,31470,0,0,0,0
93720,2.0,43176,0,0,0,0
60656,1.0,64415,0,0,0,0
90504,4.0,300000,0,0,0,0
91402,2.0,42001,0,0,0,0
91803,3.0,58614,0,0,0,0
91316,1.0,300000,0,0,0,0
94102,2.0,21830,0,0,0,0
90240,2.0,300000,0,0,0,0
90038,3.0,47458,0,0,0,0
90001,8.0,30036,0,0,0,0
75019,7.0,300000,0,0,0,0
32117,2.0,25573,0,0,0,0
11367,1.0,60024,0,0,0,0
90008,3.0,70607,0,0,0,0
93307,1.0,18277,0,0,0,0
75149,1.0,43792,0,0,0,0
93611,2.0,89265,0,0,0,0
90066,2.0,116703,0,0,0,0
32034,1.0,22789,0,0,0,0
91204,4.0,55120,0,0,0,0
22202,1.0,113550,0,0,0,0
94611,1.0,62784,0,0,0,0
60614,2.0,54244,0,0,0,0
90604,4.0,62108,0,0,0,0
91406,1.0,39263,0,0,0,0
91324,2.0,44427,0,0,0,0
93306,4.0,59094,0,0,0,0
94124,3.0,92794,0,0,0,0
90631,2.0,72539,0,0,0,0
77304,4.0,64826,0,0,0,0
60712,1.0,56994,0,0,0,0
60047,1.0,157184,0,0,0,0
22203,1.0,65963,0,0,0,0
90026,4.0,93139,0,0,0,0
77090,1.0,29351,0,0,0,0
90011,4.0,25700,0,0,0,0
22151,1.0,300000,0,0,0,0
60087,1.0,39088,0,0,0,0
75051,1.0,46591,0,0,0,0
7020,2.0,300000,0,0,0,0
90706,2.0,300000,0,0,0,0
90032,3.0,38818,0,0,0,0
20109,5.0,50724,0,0,0,0
75060,1.0,31748,0,0,0,0
11218,1.0,44950,0,0,0,0
37167,4.0,79894,0,0,0,0
77401,2.0,300000,0,0,0,0
90275,1.0,105522,0,0,0,0
77098,2.0,172493,0,0,0,0
37204,3.0,54579,0,0,0,0
32308,1.0,42408,0,0,0,0
90248,3.0,300000,0,0,0,0
75225,1.0,300000,0,0,0,0
90037,5.0,24958,0,0,0,0
77345,1.0,86673,0,0,0,0
60053,3.0,300000,0,0,0,0
90405,5.0,46977,0,0,0,0
90033,4.0,300000,0,0,0,0
75071,6.0,82641,0,0,0,0
77096,2.0,133447,0,0,0,0
90024,1.0,91139,0,0,0,0
90063,3.0,52980,0,0,0,0
60031,4.0,300000,0,0,0,0
92844,1.0,55347,0,0,0,0
11234,1.0,100578,0,0,0,0
20151,5.0,300000,0,0,0,0
11104,2.0,67771,0,0,0,0
60005,1.0,83407,0,0,0,0
90065,3.0,300000,0,0,0,0
20170,4.0,300000,0,0,0,0
90003,6.0,34678,0,0,0,0
90804,1.0,39139,0,0,0,0
75043,3.0,62805,0,0,0,0
94115,1.0,141923,0,0,0,0
60064,1.0,45288,0,0,0,0
90270,4.0,21049,0,0,0,0
32118,2.0,28511,0,0,0,0
75075,4.0,26215,0,0,0,0
76226,1.0,300000,0,0,0,0
77338,2.0,60475,0,0,0,0
20165,1.0,115029,0,0,0,0
90249,4.0,52730,0,0,0,0
32068,1.0,49944,0,0,0,0
10457,4.0,19175,0,0,0,0
90247,2.0,35604,0,0,0,0
7208,1.0,48002,0,0,0,0
11216,3.0,43209,0,0,0,0
94133,2.0,82929,0,0,0,0
10460,3.0,14119,0,0,0,0
77034,2.0,39263,0,0,0,0
11368,1.0,72674,0,0,0,0
10021,5.0,0,0,0,0,0
10704,1.0,300000,0,0,0,0
60164,1.0,42306,0,0,0,0
60104,1.0,300000,0,0,0,0
7302,1.0,40321,0,0,0,0
10463,2.0,24253,0,0,0,0
90031,1.0,27902,0,0,0,0
11354,1.0,57563,0,0,0,0
93291,4.0,25640,0,0,0,0
77056,2.0,45189,0,0,0,0
90815,2.0,63316,0,0,0,0
60050,1.0,300000,0,0,0,0
90012,2.0,15956,0,0,0,0
75211,1.0,23286,0,0,0,0
60077,1.0,60332,0,0,0,0
91101,1.0,43316,0,0,0,0
75006,10.0,79305,0,0,0,0
56308,1.0,40667,0,0,0,0
93309,5.0,42479,0,0,0,0
75230,1.0,108288,0,0,0,0
32217,1.0,16659,0,0,0,0
91505,1.0,300000,0,0,0,0
77388,2.0,109613,0,0,0,0
77041,2.0,63897,0,0,0,0
77373,1.0,58378,0,0,0,0
94108,1.0,56013,0,0,0,0
91203,1.0,34908,0,0,0,0
75065,1.0,77070,0,0,0,0
37211,1.0,300000,0,0,0,0
60021,1.0,300000,0,0,0,0
60639,2.0,44634,0,0,0,0
22192,2.0,78914,0,0,0,0
94110,2.0,38568,0,0,0,0
60007,3.0,48822,0,0,0,0
10472,1.0,29713,0,0,0,0
90260,4.0,45831,0,0,0,0
90017,2.0,58114,0,0,0,0
90056,1.0,38801,0,0,0,0
75022,1.0,125217,0,0,0,0
90010,1.0,300000,0,0,0,0
11102,1.0,81067,0,0,0,0
90680,3.0,47046,0,0,0,0
90057,2.0,22191,0,0,0,0
75024,4.0,93054,0,0,0,0
60653,1.0,58519,0,0,0,0
22015,1.0,138532,0,0,0,0
94501,1.0,43007,0,0,0,0
37218,1.0,14210,0,0,0,0
90034,4.0,300000,0,0,0,0
75080,7.0,62412,0,0,0,0
10004,2.0,0,0,0,0,0
75040,7.0,63817,0,0,0,0
60610,1.0,97367,0,0,0,0
90029,4.0,28797,0,0,0,0
37209,3.0,48481,0,0,0,0
90254,1.0,117114,0,0,0,0
90006,5.0,28469,0,0,0,0
90028,5.0,83180,0,0,0,0
37215,1.0,129747,0,0,0,0
37115,1.0,28638,0,0,0,0
90404,1.0,94342,0,0,0,0
60148,2.0,58725,0,0,0,0
10302,1.0,74564,0,0,0,0
60089,0,102256,3.0,0,0,0
92840,0,0,2.0,0,0,0
90305,0,34421,2.0,0,0,0
60402,0,52331,8.0,0,0,0
90304,0,36108,5.0,0,0,0
37040,0,24986,2.0,0,0,0
91345,0,300000,1.0,0,0,0
90755,0,36506,2.0,0,0,0
11217,0,71494,4.0,0,0,0
11225,0,37779,4.0,0,0,0
10467,0,25840,6.0,0,0,0
91303,0,88567,3.0,0,0,0
75039,0,0,2.0,0,0,0
90262,0,41431,3.0,0,0,0
11224,0,44938,1.0,0,0,0
77386,0,58424,2.0,0,0,0
90058,0,21613,1.0,0,0,0
37086,0,50233,1.0,0,0,0
94118,0,63551,2.0,0,0,0
60068,0,300000,2.0,0,0,0
24201,0,25864,9.0,0,0,0
60176,0,62081,2.0,0,0,0
93277,0,87021,13.0,0,0,0
10003,0,300000,2.0,0,0,0
11205,0,300000,3.0,0,0,0
90638,0,96936,4.0,0,0,0
91801,0,104023,1.0,0,0,0
90064,0,300000,4.0,0,0,0
92118,0,300000,1.0,0,0,0
75078,0,94555,2.0,0,0,0
90004,0,37893,1.0,0,0,0
90047,0,26090,5.0,0,0,0
77503,0,51664,2.0,0,0,0
47501,0,41463,1.0,0,0,0
22030,0,300000,4.0,0,0,0
60202,0,80386,1.0,0,0,0
90242,0,76695,6.0,0,0,0
10462,0,50224,6.0,0,0,0
94080,0,96033,2.0,0,0,0
37066,0,57335,3.0,0,0,0
77381,0,74749,2.0,0,0,0
10025,0,300000,4.0,0,0,0
90710,0,48109,1.0,0,0,0
32011,0,25171,3.0,0,0,0
22312,0,300000,4.0,0,0,0
77379,0,48975,14.0,0,0,0
11101,0,40506,6.0,0,0,0
77385,0,90121,1.0,0,0,0
11204,0,51028,4.0,0,0,0
75063,0,73694,9.0,0,0,0
60616,0,44154,1.0,0,0,0
10039,0,33393,1.0,0,0,0
32221,0,80713,1.0,0,0,0
60634,0,54001,2.0,0,0,0
93536,0,57343,2.0,0,0,0
77017,0,47364,1.0,0,0,0
35739,0,36690,1.0,0,0,0
60613,0,117215,7.0,0,0,0
75218,0,55994,4.0,0,0,0
37208,0,27995,3.0,0,0,0
7024,0,74430,3.0,0,0,0
60657,0,58437,5.0,0,0,0
75223,0,35556,1.0,0,0,0
32065,0,88279,6.0,0,0,0
77089,0,300000,1.0,0,0,0
90018,0,37415,1.0,0,0,0
22032,0,128472,2.0,0,0,0
90740,0,65316,1.0,0,0,0
90723,0,45286,7.0,0,0,0
22303,0,86214,1.0,0,0,0
90230,0,300000,5.0,0,0,0
77095,0,41168,5.0,0,0,0
10027,0,128764,6.0,0,0,0
52601,0,300000,4.0,0,0,0
11220,0,38931,3.0,0,0,0
32119,0,39156,4.0,0,0,0
91104,0,300000,3.0,0,0,0
90019,0,42865,4.0,0,0,0
75035,0,300000,2.0,0,0,0
75203,0,28055,1.0,0,0,0
11379,0,57353,1.0,0,0,0
94109,0,105824,1.0,0,0,0
77301,0,56057,8.0,0,0,0
75212,0,27521,1.0,0,0,0
10128,0,129437,2.0,0,0,0
91208,0,300000,1.0,0,0,0
11373,0,28666,6.0,0,0,0
77035,0,71137,2.0,0,0,0
22305,0,52927,1.0,0,0,0
77449,0,300000,1.0,0,0,0
11377,0,300000,3.0,0,0,0
90712,0,99591,10.0,0,0,0
10473,0,22136,5.0,0,0,0
90280,0,42954,15.0,0,0,0
75244,0,151318,4.0,0,0,0
90802,0,28386,3.0,0,0,0
11201,0,105949,7.0,0,0,0
60060,0,77622,2.0,0,0,0
75217,0,37875,2.0,0,0,0
75061,0,52672,6.0,0,0,0
93722,0,53793,2.0,0,0,0
75238,0,34726,2.0,0,0,0
75028,0,75687,9.0,0,0,0
22314,0,99420,1.0,0,0,0
11214,0,45784,2.0,0,0,0
22205,0,172306,1.0,0,0,0
92833,0,300000,2.0,0,0,0
90606,0,58849,4.0,0,0,0
77036,0,20792,5.0,0,0,0
90660,0,73063,9.0,0,0,0
10452,0,29544,6.0,0,0,0
11236,0,73363,6.0,0,0,0
22304,0,201141,6.0,0,0,0
90039,0,300000,1.0,0,0,0
32211,0,39645,2.0,0,0,0
90302,0,32606,2.0,0,0,0
60051,0,300000,1.0,0,0,0
11105,0,65991,1.0,0,0,0
75042,0,24891,4.0,0,0,0
11211,0,87129,3.0,0,0,0
10451,0,13246,5.0,0,0,0
94112,0,83574,2.0,0,0,0
93535,0,38578,2.0,0,0,0
90062,0,38509,2.0,0,0,0
75010,0,82207,5.0,0,0,0
91754,0,60854,2.0,0,0,0
11233,0,59463,2.0,0,0,0
60018,0,55845,6.0,0,0,0
60659,0,72810,6.0,0,0,0
60002,0,70658,5.0,0,0,0
20190,0,142406,2.0,0,0,0
75214,0,64156,2.0,0,0,0
11228,0,68875,1.0,0,0,0
7201,0,42072,4.0,0,0,0
90025,0,97041,4.0,0,0,0
22204,0,300000,3.0,0,0,0
91770,0,66462,2.0,0,0,0
10028,0,35461,3.0,0,0,0
60622,0,65457,6.0,0,0,0
20111,0,86659,3.0,0,0,0
91206,0,300000,1.0,0,0,0
10001,0,40262,1.0,0,0,0
22201,0,300000,3.0,0,0,0
10314,0,108326,4.0,0,0,0
60056,0,131178,5.0,0,0,0
10034,0,49572,3.0,0,0,0
22044,0,197065,4.0,0,0,0
75243,0,0,12.0,0,0,0
32244,0,37446,5.0,0,0,0
90717,0,140323,5.0,0,0,0
22310,0,300000,1.0,0,0,0
11203,0,54670,5.0,0,0,0
75180,0,55512,2.0,0,0,0
91352,0,76038,1.0,0,0,0
11232,0,47512,1.0,0,0,0
22031,0,159997,2.0,0,0,0
32205,0,300000,2.0,0,0,0
60085,0,46446,4.0,0,0,0
90059,0,12486,3.0,0,0,0
93703,0,21914,2.0,0,0,0
90266,0,206024,1.0,0,0,0
10032,0,17598,3.0,0,0,0
11222,0,63790,4.0,0,0,0
60605,0,15307,1.0,0,0,0
91605,0,26032,1.0,0,0,0
10009,0,23603,3.0,0,0,0
93312,0,68372,12.0,0,0,0
75235,0,55033,9.0,0,0,0
94607,0,39174,1.0,0,0,0
90015,0,36291,1.0,0,0,0
60609,0,19340,2.0,0,0,0
90803,0,104705,1.0,0,0,0
60073,0,43465,5.0,0,0,0
90605,0,300000,3.0,0,0,0
11375,0,103910,2.0,0,0,0
91107,0,24459,2.0,0,0,0
90807,0,77305,9.0,0,0,0
32210,0,21983,4.0,0,0,0
60171,0,300000,1.0,0,0,0
90805,0,52217,12.0,0,0,0
10014,0,96567,2.0,0,0,0
93534,0,56932,2.0,0,0,0
90221,0,43934,5.0,0,0,0
11415,0,82191,1.0,0,0,0
90016,0,25753,7.0,0,0,0
75252,0,300000,2.0,0,0,0
10458,0,45215,8.0,0,0,0
10471,0,93413,1.0,0,0,0
90278,0,300000,4.0,0,0,0
32114,0,33511,2.0,0,0,0
20121,0,106122,3.0,0,0,0
90043,0,31219,4.0,0,0,0
11213,0,33732,4.0,0,0,0
32003,0,300000,6.0,0,0,0
77071,0,33782,2.0,0,0,0
10029,0,58119,8.0,0,0,0
32254,0,25471,2.0,0,0,0
77380,0,300000,7.0,0,0,0
91790,0,300000,2.0,0,0,0
60106,0,65622,2.0,0,0,0
60624,0,37367,3.0,0,0,0
91106,0,35231,1.0,0,0,0
90301,0,32736,4.0,0,0,0
90220,0,43250,6.0,0,0,0
10031,0,0,5.0,0,0,0
37075,0,101195,6.0,0,0,0
77099,0,30582,6.0,0,0,0
77045,0,50593,8.0,0,0,0
75206,0,81177,5.0,0,0,0
10465,0,300000,1.0,0,0,0
75220,0,39393,5.0,0,0,0
32225,0,100253,6.0,0,0,0
60645,0,58498,1.0,0,0,0
92801,0,47315,5.0,0,0,0
90250,0,40862,9.0,0,0,0
60201,0,69616,2.0,0,0,0
10453,0,24947,3.0,0,0,0
60126,0,56797,2.0,0,0,0
60101,0,50570,1.0,0,0,0
60660,0,64803,1.0,0,0,0
11208,0,52769,5.0,0,0,0
75070,0,101768,7.0,0,0,0
93304,0,56986,5.0,0,0,0
37620,0,38962,5.0,0,0,0
90241,0,53192,7.0,0,0,0
60612,0,11398,1.0,0,0,0
90022,0,44387,7.0,0,0,0
37043,0,48077,4.0,0,0,0
60160,0,40406,6.0,0,0,0
90005,0,25809,2.0,0,0,0
77084,0,300000,3.0,0,0,0
22042,0,300000,6.0,0,0,0
10461,0,47243,6.0,0,0,0
75150,0,66697,10.0,0,0,0
77389,0,300000,5.0,0,0,0
90222,0,28460,4.0,0,0,0
75209,0,44734,2.0,0,0,0
90670,0,60661,8.0,0,0,0
90303,0,80697,9.0,0,0,0
77339,0,96054,10.0,0,0,0
22102,0,222333,2.0,0,0,0
75062,0,300000,5.0,0,0,0
11106,0,0,3.0,0,0,0
75234,0,74707,11.0,0,0,0
32277,0,42273,1.0,0,0,0
60153,0,29894,3.0,0,0,0
10466,0,36703,3.0,0,0,0
77083,0,300000,1.0,0,0,0
94601,0,40160,1.0,0,0,0
22206,0,99406,1.0,0,0,0
37207,0,22611,2.0,0,0,0
10469,0,69658,3.0,0,0,0
11219,0,27801,2.0,0,0,0
92841,0,67012,1.0,0,0,0
77479,0,67678,1.0,0,0,0
75093,0,93560,5.0,0,0,0
37042,0,52917,2.0,0,0,0
37027,0,121721,5.0,0,0,0
75229,0,128666,2.0,0,0,0
90806,0,37827,5.0,0,0,0
93727,0,300000,4.0,0,0,0
11226,0,32427,10.0,0,0,0
93311,0,91187,4.0,0,0,0
90245,0,86968,3.0,0,0,0
11385,0,64342,2.0,0,0,0
90042,0,49009,8.0,0,0,0
10033,0,56347,4.0,0,0,0
20164,0,300000,3.0,0,0,0
90046,0,46897,2.0,0,0,0
20171,0,73413,4.0,0,0,0
22207,0,300000,2.0,0,0,0
75041,0,37138,7.0,0,0,0
32073,0,43800,9.0,0,0,0
90716,0,96094,2.0,0,0,0
32174,0,38699,1.0,0,0,0
75044,0,56935,2.0,0,0,0
60015,0,300000,3.0,0,0,0
75015,0,34086,10.0,0,0,0
10475,0,41374,3.0,0,0,0
77085,0,71688,3.0,0,0,0
90602,0,48157,1.0,0,0,0
60602,0,62317,1.0,0,0,0
60513,0,73287,1.0,0,0,0
60302,0,98137,3.0,0,0,0
32256,0,51507,1.0,0,0,0
11372,0,46396,4.0,0,0,0
32303,0,39098,1.0,0,0,0
10038,0,49704,6.0,0,0,0
92804,0,300000,3.0,0,0,0
90201,0,56738,8.0,0,0,0
91403,0,63169,1.0,0,0,0
60618,0,109819,9.0,0,0,0
7104,0,22745,1.0,0,0,0
75231,0,26723,7.0,0,0,0
32301,0,48248,3.0,0,0,0
10016,0,68128,1.0,0,0,0
60014,0,76573,6.0,0,0,0
94117,0,300000,1.0,0,0,0
77477,0,56852,6.0,0,0,0
37064,0,114508,1.0,0,0,0
75224,0,37844,2.0,0,0,0
75001,0,70948,2.0,0,0,0
11207,0,19694,4.0,0,0,0
60706,0,45630,3.0,0,0,0
60061,0,51711,2.0,0,0,0
91103,0,44804,1.0,0,0,0
60074,0,300000,4.0,0,0,0
91745,0,57321,1.0,0,0,0
77498,0,300000,3.0,0,0,0
7206,0,59689,1.0,0,0,0
22041,0,65204,4.0,0,0,0
90048,0,62610,4.0,0,0,0
91205,0,39268,3.0,0,0,0
75208,0,43461,1.0,0,0,0
91007,0,52547,2.0,0,0,0
10040,0,76494,4.0,0,0,0
32097,0,70640,1.0,0,0,0
20132,0,300000,2.0,0,0,0
77019,0,55778,1.0,0,0,0
93313,0,46767,2.0,0,0,0
90650,0,300000,14.0,0,0,0
90023,0,19354,7.0,0,0,0
75007,0,65585,16.0,0,0,0
75219,0,126166,6.0,0,0,0
11215,0,73722,4.0,0,0,0
20120,0,115256,2.0,0,0,0
77429,0,70037,1.0,0,0,0
91343,0,85144,1.0,0,0,0
75201,0,74606,2.0,0,0,0
77450,0,102269,4.0,0,0,0
75081,0,83502,14.0,0,0,0
11374,0,80384,3.0,0,0,0
60062,0,101106,2.0,0,0,0
93433,0,300000,1.0,0,0,0
60076,0,103192,3.0,0,0,0
22193,0,125048,3.0,0,0,0
24202,0,51504,1.0,0,0,0
7047,0,300000,1.0,0,0,0
22302,0,121631,1.0,0,0,0
91030,0,55405,1.0,0,0,0
22408,0,69869,1.0,0,0,0
90501,0,63008,6.0,0,0,0
75205,0,215868,1.0,0,0,0
22180,0,300000,3.0,0,0,0
75074,0,105287,6.0,0,0,0
75098,0,84934,1.0,0,0,0
77504,0,78790,1.0,0,0,0
60646,0,111554,3.0,0,0,0
90044,0,27101,3.0,0,0,0
90045,0,107969,11.0,0,0,0
77005,0,300000,1.0,0,0,0
22150,0,88102,4.0,0,0,0
90027,0,64881,5.0,0,0,0
90620,0,73636,10.0,0,0,0
11418,0,71093,1.0,0,0,0
10455,0,21900,7.0,0,0,0
11238,0,65566,2.0,0,0,0
90808,0,300000,4.0,0,0,0
60181,0,73947,1.0,0,0,0
93308,0,35774,5.0,0,0,0
22033,0,300000,4.0,0,0,0
77306,0,39848,1.0,0,0,0
93420,0,63124,1.0,0,0,0
75077,0,300000,5.0,0,0,0
93710,0,30873,7.0,0,0,0
90505,0,300000,7.0,0,0,0
11378,0,49897,1.0,0,0,0
10036,0,0,2.0,0,0,0
60546,0,60063,2.0,0,0,0
10023,0,160021,2.0,0,0,0
75215,0,19549,2.0,0,0,0
90745,0,57020,11.0,0,0,0
77081,0,21377,5.0,0,0,0
90701,0,61821,2.0,0,0,0
90035,0,77492,2.0,0,0,0
90746,0,48895,5.0,0,0,0
37210,0,300000,3.0,0,0,0
11230,0,48180,1.0,0,0,0
93305,0,52669,3.0,0,0,0
91201,0,70374,1.0,0,0,0
75034,0,300000,20.0,0,0,0
22003,0,82442,3.0,0,0,0
90503,0,300000,7.0,0,0,0
93292,0,32526,5.0,0,0,0
75204,0,84399,3.0,0,0,0
60016,0,65670,6.0,0,0,0
90036,0,300000,2.0,0,0,0
77346,0,68943,4.0,0,0,0
76018,0,68712,1.0,0,0,0
60626,0,42875,1.0,0,0,0
60046,0,69791,2.0,0,0,0
77382,0,121972,2.0,0,0,0
60651,0,24711,4.0,0,0,0
75067,0,300000,21.0,0,0,0
10019,0,69242,1.0,0,0,0
22311,0,47374,1.0,0,0,0
77489,0,47940,2.0,0,0,0
37013,0,43894,2.0,0,0,0
20147,0,119556,8.0,0,0,0
93612,0,46353,10.0,0,0,0
90703,0,96089,5.0,0,0,0
75287,0,32230,9.0,0,0,0
10002,0,91469,4.0,0,0,0
75116,0,47424,2.0,0,0,0
10454,0,38649,1.0,0,0,0
60088,0,0,2.0,0,0,0
77070,0,65430,1.0,0,0,0
90255,0,27107,6.0,0,0,0
91601,0,40557,1.0,0,0,0
75056,0,300000,9.0,0,0,0
77032,0,51439,1.0,0,0,0
22182,0,113602,2.0,0,0,0
75050,0,34200,2.0,0,0,0
37203,0,23571,5.0,0,0,0
60004,0,95962,5.0,0,0,0
22306,0,58295,3.0,0,0,0
20148,0,300000,2.0,0,0,0
11237,0,62611,4.0,0,0,0
77057,0,59601,3.0,0,0,0
93449,0,94742,1.0,0,0,0
10026,0,25997,1.0,0,0,0
60647,0,66598,7.0,0,0,0
90292,0,94781,2.0,0,0,0
91364,0,44205,1.0,0,0,0
90640,0,49628,5.0,0,0,0
91405,0,37333,3.0,0,0,0
10309,0,68801,1.0,0,0,0
60025,0,69189,1.0,0,0,0
94709,0,35427,1.0,0,0,0
90291,0,117987,2.0,0,0,0
37217,0,27852,5.0,0,0,0
90630,0,300000,6.0,0,0,0
91307,0,89857,1.0,0,0,0
60008,0,78572,10.0,0,0,0
10459,0,24844,3.0,0,0,0
60644,0,37632,3.0,0,0,0
60091,0,300000,2.0,0,0,0
10010,0,151229,2.0,0,0,0
75216,0,21279,3.0,0,0,0
11206,0,52856,4.0,0,0,0
20191,0,101584,2.0,0,0,0
90502,0,63800,4.0,0,0,0
60642,0,74140,1.0,0,0,0
92101,0,69051,5.0,0,0,0
91411,0,22542,1.0,0,0,0
32216,0,66153,3.0,0,0,0
7002,0,42240,4.0,0,0,0
77478,0,80183,6.0,0,0,0
90061,0,44268,8.0,0,0,0
60607,0,125702,4.0,0,0,0
60155,0,59028,1.0,0,0,0
75240,0,71788,3.0,0,0,0
11103,0,82248,3.0,0,0,0
11210,0,48829,3.0,0,0,0
90813,0,24828,4.0,0,0,0
60090,0,58788,2.0,0,0,0
60630,0,59734,2.0,0,0,0
20110,0,72878,12.0,0,0,0
11212,0,37854,8.0,0,0,0
90713,0,75940,6.0,0,0,0
90810,0,94556,4.0,0,0,0
60131,0,36424,1.0,0,0,0
20155,0,105372,4.0,0,0,0
90041,0,59408,5.0,0,0,0
32224,0,300000,1.0,0,0,0
92115,0,28255,1.0,0,0,0
75248,0,86387,3.0,0,0,0
11221,0,45627,2.0,0,0,0
60714,0,76515,8.0,0,0,0
75228,0,32787,3.0,0,0,0
10022,0,17622,3.0,0,0,0
75002,0,169040,12.0,0,0,0
60069,0,148103,1.0,0,0,0
77072,0,300000,4.0,0,0,0
77025,0,58056,2.0,0,0,0
22043,0,155572,1.0,0,0,0
60162,0,52069,1.0,0,0,0
60067,0,300000,4.0,0,0,0
90007,0,38672,6.0,0,0,0
75052,0,104518,10.0,0,0,0
93726,0,46592,4.0,0,0,0
91776,0,47607,3.0,0,0,0
37214,0,76631,1.0,0,0,0
75023,0,300000,10.0,0,0,0
10013,0,54857,1.0,0,0,0
92683,0,43211,6.0,0,0,0
94116,0,60686,3.0,0,0,0
90744,0,31470,4.0,0,0,0
93720,0,43176,5.0,0,0,0
60656,0,64415,1.0,0,0,0
90504,0,300000,5.0,0,0,0
91402,0,42001,5.0,0,0,0
11235,0,46412,3.0,0,0,0
93728,0,23315,3.0,0,0,0
91803,0,58614,7.0,0,0,0
94102,0,21830,3.0,0,0,0
92104,0,54831,1.0,0,0,0
90240,0,300000,6.0,0,0,0
90038,0,47458,4.0,0,0,0
11223,0,33741,1.0,0,0,0
90001,0,30036,6.0,0,0,0
75019,0,300000,4.0,0,0,0
32117,0,25573,6.0,0,0,0
90008,0,70607,5.0,0,0,0
75025,0,300000,3.0,0,0,0
91335,0,59693,1.0,0,0,0
75149,0,43792,3.0,0,0,0
93611,0,89265,3.0,0,0,0
90066,0,116703,2.0,0,0,0
91204,0,55120,1.0,0,0,0
60804,0,35830,3.0,0,0,0
22202,0,113550,5.0,0,0,0
60614,0,54244,4.0,0,0,0
91406,0,39263,1.0,0,0,0
91324,0,44427,3.0,0,0,0
93306,0,59094,7.0,0,0,0
94124,0,92794,2.0,0,0,0
90631,0,72539,2.0,0,0,0
77074,0,62806,3.0,0,0,0
77304,0,64826,6.0,0,0,0
77502,0,34116,2.0,0,0,0
37138,0,300000,1.0,0,0,0
60712,0,56994,1.0,0,0,0
60047,0,157184,2.0,0,0,0
22203,0,65963,4.0,0,0,0
90026,0,93139,4.0,0,0,0
77090,0,29351,1.0,0,0,0
90011,0,25700,2.0,0,0,0
10456,0,17622,2.0,0,0,0
22151,0,300000,2.0,0,0,0
60087,0,39088,1.0,0,0,0
75051,0,46591,4.0,0,0,0
75057,0,100153,4.0,0,0,0
10474,0,25806,1.0,0,0,0
7020,0,300000,1.0,0,0,0
90706,0,300000,10.0,0,0,0
90032,0,38818,1.0,0,0,0
20109,0,50724,14.0,0,0,0
75060,0,31748,5.0,0,0,0
11218,0,44950,2.0,0,0,0
77396,0,16245,2.0,0,0,0
37167,0,79894,2.0,0,0,0
77401,0,300000,1.0,0,0,0
90275,0,105522,2.0,0,0,0
10550,0,50932,2.0,0,0,0
77098,0,172493,3.0,0,0,0
37204,0,54579,4.0,0,0,0
32308,0,42408,3.0,0,0,0
90248,0,300000,6.0,0,0,0
75225,0,300000,2.0,0,0,0
90037,0,24958,4.0,0,0,0
77345,0,86673,3.0,0,0,0
60053,0,300000,2.0,0,0,0
90405,0,46977,2.0,0,0,0
90033,0,300000,6.0,0,0,0
75071,0,82641,4.0,0,0,0
77096,0,133447,7.0,0,0,0
10468,0,36911,3.0,0,0,0
32129,0,36907,1.0,0,0,0
90024,0,91139,3.0,0,0,0
90063,0,52980,5.0,0,0,0
60031,0,300000,9.0,0,0,0
92844,0,55347,1.0,0,0,0
11234,0,100578,5.0,0,0,0
20151,0,300000,9.0,0,0,0
11104,0,67771,3.0,0,0,0
90065,0,300000,4.0,0,0,0
77039,0,47473,1.0,0,0,0
20170,0,300000,3.0,0,0,0
90003,0,34678,4.0,0,0,0
90804,0,39139,2.0,0,0,0
75043,0,62805,6.0,0,0,0
94115,0,141923,2.0,0,0,0
90270,0,21049,4.0,0,0,0
32118,0,28511,1.0,0,0,0
75075,0,26215,12.0,0,0,0
60625,0,65824,4.0,0,0,0
75068,0,42947,5.0,0,0,0
77338,0,60475,11.0,0,0,0
10030,0,67666,3.0,0,0,0
20165,0,115029,3.0,0,0,0
77506,0,27462,1.0,0,0,0
90249,0,52730,8.0,0,0,0
10457,0,19175,5.0,0,0,0
22191,0,300000,1.0,0,0,0
90247,0,35604,9.0,0,0,0
10701,0,80933,2.0,0,0,0
7208,0,48002,1.0,0,0,0
20176,0,38960,1.0,0,0,0
11216,0,43209,6.0,0,0,0
10460,0,14119,2.0,0,0,0
77034,0,39263,1.0,0,0,0
75237,0,17957,2.0,0,0,0
60641,0,38893,3.0,0,0,0
11368,0,72674,7.0,0,0,0
10021,0,0,2.0,0,0,0
91001,0,300000,1.0,0,0,0
10704,0,300000,2.0,0,0,0
60164,0,42306,1.0,0,0,0
95129,0,142188,1.0,0,0,0
91761,0,43681,1.0,0,0,0
10470,0,52788,1.0,0,0,0
60104,0,300000,2.0,0,0,0
7302,0,40321,1.0,0,0,0
10463,0,24253,5.0,0,0,0
10306,0,86687,1.0,0,0,0
92845,0,300000,3.0,0,0,0
90031,0,27902,4.0,0,0,0
94014,0,74953,2.0,0,0,0
11354,0,57563,1.0,0,0,0
93291,0,25640,2.0,0,0,0
77056,0,45189,2.0,0,0,0
75246,0,26736,3.0,0,0,0
90815,0,63316,5.0,0,0,0
60707,0,300000,3.0,0,0,0
90012,0,15956,1.0,0,0,0
75211,0,23286,4.0,0,0,0
10065,0,118775,1.0,0,0,0
60077,0,60332,2.0,0,0,0
75006,0,79305,15.0,0,0,0
93309,0,42479,8.0,0,0,0
60608,0,48321,4.0,0,0,0
75230,0,108288,2.0,0,0,0
32217,0,16659,1.0,0,0,0
91505,0,300000,3.0,0,0,0
77388,0,109613,3.0,0,0,0
11231,0,120695,1.0,0,0,0
22315,0,141414,2.0,0,0,0
77373,0,58378,2.0,0,0,0
94108,0,56013,1.0,0,0,0
32207,0,29766,1.0,0,0,0
91311,0,90602,1.0,0,0,0
37211,0,300000,5.0,0,0,0
60021,0,300000,1.0,0,0,0
7631,0,141594,1.0,0,0,0
60639,0,44634,6.0,0,0,0
22192,0,78914,2.0,0,0,0
94110,0,38568,3.0,0,0,0
60007,0,48822,3.0,0,0,0
10472,0,29713,6.0,0,0,0
90260,0,45831,6.0,0,0,0
90017,0,58114,2.0,0,0,0
90056,0,38801,1.0,0,0,0
75022,0,125217,2.0,0,0,0
90010,0,300000,2.0,0,0,0
77459,0,139452,2.0,0,0,0
11102,0,81067,1.0,0,0,0
90680,0,47046,2.0,0,0,0
90057,0,22191,4.0,0,0,0
75024,0,93054,4.0,0,0,0
22015,0,138532,2.0,0,0,0
94501,0,43007,1.0,0,0,0
90034,0,300000,4.0,0,0,0
75080,0,62412,5.0,0,0,0
60130,0,51303,2.0,0,0,0
75040,0,63817,11.0,0,0,0
60610,0,97367,3.0,0,0,0
90029,0,28797,3.0,0,0,0
37209,0,48481,1.0,0,0,0
90006,0,28469,1.0,0,0,0
90028,0,83180,7.0,0,0,0
10037,0,59902,1.0,0,0,0
90404,0,94342,3.0,0,0,0
60030,0,91463,1.0,0,0,0
60148,0,58725,3.0,0,0,0
77031,0,57194,1.0,0,0,0
10302,0,74564,1.0,0,0,0
60089,0,102256,0,4.0,0,0
60402,0,52331,0,4.0,0,0
90304,0,36108,0,4.0,0,0
94122,0,109102,0,1.0,0,0
90755,0,36506,0,1.0,0,0
91356,0,44404,0,1.0,0,0
10467,0,25840,0,1.0,0,0
91303,0,88567,0,2.0,0,0
22301,0,300000,0,1.0,0,0
75039,0,0,0,2.0,0,0
90262,0,41431,0,8.0,0,0
77386,0,58424,0,1.0,0,0
90210,0,208338,0,2.0,0,0
94118,0,63551,0,4.0,0,0
91741,0,300000,0,1.0,0,0
60068,0,300000,0,1.0,0,0
24201,0,25864,0,1.0,0,0
60176,0,62081,0,1.0,0,0
93277,0,87021,0,7.0,0,0
10003,0,300000,0,4.0,0,0
11205,0,300000,0,3.0,0,0
90638,0,96936,0,5.0,0,0
91801,0,104023,0,5.0,0,0
90064,0,300000,0,3.0,0,0
94043,0,97043,0,1.0,0,0
75078,0,94555,0,1.0,0,0
90047,0,26090,0,3.0,0,0
22030,0,300000,0,6.0,0,0
90242,0,76695,0,6.0,0,0
10462,0,50224,0,2.0,0,0
94080,0,96033,0,4.0,0,0
37066,0,57335,0,2.0,0,0
77381,0,74749,0,4.0,0,0
10025,0,300000,0,2.0,0,0
90710,0,48109,0,2.0,0,0
77379,0,48975,0,3.0,0,0
11101,0,40506,0,2.0,0,0
94612,0,78171,0,2.0,0,0
77385,0,90121,0,2.0,0,0
11204,0,51028,0,1.0,0,0
75063,0,73694,0,9.0,0,0
60616,0,44154,0,1.0,0,0
60634,0,54001,0,1.0,0,0
37212,0,0,0,1.0,0,0
93536,0,57343,0,1.0,0,0
77017,0,47364,0,1.0,0,0
60613,0,117215,0,6.0,0,0
75218,0,55994,0,3.0,0,0
60657,0,58437,0,9.0,0,0
75223,0,35556,0,1.0,0,0
90018,0,37415,0,1.0,0,0
92106,0,300000,0,1.0,0,0
90740,0,65316,0,2.0,0,0
90723,0,45286,0,4.0,0,0
22303,0,86214,0,2.0,0,0
90230,0,300000,0,10.0,0,0
77095,0,41168,0,3.0,0,0
52601,0,300000,0,4.0,0,0
11220,0,38931,0,1.0,0,0
90212,0,89224,0,2.0,0,0
91104,0,300000,0,6.0,0,0
90019,0,42865,0,2.0,0,0
91506,0,300000,0,1.0,0,0
75035,0,300000,0,4.0,0,0
11379,0,57353,0,2.0,0,0
94109,0,105824,0,2.0,0,0
77301,0,56057,0,4.0,0,0
75212,0,27521,0,2.0,0,0
91606,0,41169,0,1.0,0,0
11373,0,28666,0,2.0,0,0
77035,0,71137,0,2.0,0,0
22305,0,52927,0,1.0,0,0
77449,0,300000,0,2.0,0,0
11377,0,300000,0,7.0,0,0
90712,0,99591,0,6.0,0,0
90280,0,42954,0,9.0,0,0
75244,0,151318,0,3.0,0,0
90802,0,28386,0,4.0,0,0
11201,0,105949,0,5.0,0,0
60060,0,77622,0,3.0,0,0
60070,0,300000,0,1.0,0,0
94121,0,131522,0,2.0,0,0
75061,0,52672,0,1.0,0,0
93722,0,53793,0,4.0,0,0
75238,0,34726,0,3.0,0,0
75028,0,75687,0,4.0,0,0
11214,0,45784,0,1.0,0,0
22205,0,172306,0,1.0,0,0
92833,0,300000,0,3.0,0,0
90606,0,58849,0,5.0,0,0
77036,0,20792,0,1.0,0,0
90660,0,73063,0,11.0,0,0
11236,0,73363,0,2.0,0,0
22304,0,201141,0,1.0,0,0
60035,0,141411,0,1.0,0,0
90039,0,300000,0,5.0,0,0
90302,0,32606,0,1.0,0,0
91331,0,36414,0,1.0,0,0
11105,0,65991,0,4.0,0,0
75042,0,24891,0,4.0,0,0
11211,0,87129,0,10.0,0,0
10451,0,13246,0,2.0,0,0
94702,0,46329,0,1.0,0,0
94112,0,83574,0,5.0,0,0
90062,0,38509,0,1.0,0,0
75010,0,82207,0,1.0,0,0
91754,0,60854,0,3.0,0,0
60018,0,55845,0,6.0,0,0
60002,0,70658,0,1.0,0,0
60133,0,300000,0,1.0,0,0
20190,0,142406,0,4.0,0,0
75214,0,64156,0,3.0,0,0
90094,0,90712,0,2.0,0,0
7201,0,42072,0,2.0,0,0
90025,0,97041,0,10.0,0,0
22204,0,300000,0,1.0,0,0
91770,0,66462,0,1.0,0,0
10028,0,35461,0,3.0,0,0
60622,0,65457,0,7.0,0,0
20111,0,86659,0,1.0,0,0
22201,0,300000,0,2.0,0,0
92105,0,300000,0,3.0,0,0
10314,0,108326,0,1.0,0,0
60056,0,131178,0,4.0,0,0
10034,0,49572,0,4.0,0,0
22044,0,197065,0,2.0,0,0
91325,0,61041,0,1.0,0,0
75243,0,0,0,5.0,0,0
90717,0,140323,0,1.0,0,0
92102,0,30825,0,3.0,0,0
22310,0,300000,0,1.0,0,0
91780,0,19836,0,1.0,0,0
75180,0,55512,0,1.0,0,0
91352,0,76038,0,5.0,0,0
11232,0,47512,0,2.0,0,0
22031,0,159997,0,4.0,0,0
60085,0,46446,0,4.0,0,0
90059,0,12486,0,3.0,0,0
93703,0,21914,0,3.0,0,0
91214,0,86533,0,1.0,0,0
90266,0,206024,0,6.0,0,0
10032,0,17598,0,2.0,0,0
11222,0,63790,0,2.0,0,0
60605,0,15307,0,2.0,0,0
60010,0,142459,0,1.0,0,0
91605,0,26032,0,3.0,0,0
93702,0,24284,0,5.0,0,0
93312,0,68372,0,6.0,0,0
75235,0,55033,0,5.0,0,0
90015,0,36291,0,3.0,0,0
22152,0,147960,0,1.0,0,0
91723,0,64833,0,1.0,0,0
90803,0,104705,0,8.0,0,0
93711,0,83707,0,4.0,0,0
22101,0,300000,0,2.0,0,0
93721,0,27171,0,2.0,0,0
90605,0,300000,0,6.0,0,0
11375,0,103910,0,5.0,0,0
60107,0,300000,0,1.0,0,0
91107,0,24459,0,5.0,0,0
90807,0,77305,0,8.0,0,0
91604,0,300000,0,6.0,0,0
32210,0,21983,0,1.0,0,0
90805,0,52217,0,7.0,0,0
10014,0,96567,0,1.0,0,0
11229,0,67319,0,1.0,0,0
93534,0,56932,0,3.0,0,0
90221,0,43934,0,3.0,0,0
90016,0,25753,0,2.0,0,0
75252,0,300000,0,4.0,0,0
10458,0,45215,0,2.0,0,0
10471,0,93413,0,1.0,0,0
90278,0,300000,0,1.0,0,0
32114,0,33511,0,2.0,0,0
20121,0,106122,0,3.0,0,0
90043,0,31219,0,2.0,0,0
32003,0,300000,0,2.0,0,0
91733,0,33670,0,1.0,0,0
10029,0,58119,0,4.0,0,0
77380,0,300000,0,2.0,0,0
91602,0,76209,0,1.0,0,0
60106,0,65622,0,1.0,0,0
75069,0,59038,0,1.0,0,0
20136,0,134710,0,1.0,0,0
91106,0,35231,0,2.0,0,0
90301,0,32736,0,4.0,0,0
93725,0,32819,0,1.0,0,0
90220,0,43250,0,4.0,0,0
10031,0,0,0,3.0,0,0
93445,0,48931,0,1.0,0,0
37075,0,101195,0,1.0,0,0
77573,0,91692,0,1.0,0,0
77099,0,30582,0,1.0,0,0
77045,0,50593,0,1.0,0,0
75206,0,81177,0,8.0,0,0
10465,0,300000,0,1.0,0,0
75220,0,39393,0,6.0,0,0
32225,0,100253,0,2.0,0,0
60645,0,58498,0,1.0,0,0
92801,0,47315,0,5.0,0,0
90250,0,40862,0,7.0,0,0
10453,0,24947,0,1.0,0,0
91740,0,300000,0,1.0,0,0
60101,0,50570,0,2.0,0,0
60660,0,64803,0,1.0,0,0
11208,0,52769,0,2.0,0,0
75070,0,101768,0,2.0,0,0
93304,0,56986,0,4.0,0,0
90241,0,53192,0,6.0,0,0
60612,0,11398,0,2.0,0,0
90022,0,44387,0,9.0,0,0
37043,0,48077,0,3.0,0,0
60160,0,40406,0,1.0,0,0
90005,0,25809,0,1.0,0,0
77084,0,300000,0,1.0,0,0
22042,0,300000,0,1.0,0,0
10461,0,47243,0,1.0,0,0
22046,0,116916,0,1.0,0,0
75150,0,66697,0,1.0,0,0
77389,0,300000,0,1.0,0,0
91423,0,78022,0,2.0,0,0
90222,0,28460,0,3.0,0,0
75209,0,44734,0,3.0,0,0
90670,0,60661,0,3.0,0,0
90303,0,80697,0,4.0,0,0
77339,0,96054,0,1.0,0,0
22102,0,222333,0,3.0,0,0
75062,0,300000,0,9.0,0,0
11106,0,0,0,4.0,0,0
75234,0,74707,0,4.0,0,0
60093,0,218355,0,1.0,0,0
94601,0,40160,0,11.0,0,0
22206,0,99406,0,2.0,0,0
37207,0,22611,0,1.0,0,0
11219,0,27801,0,1.0,0,0
92841,0,67012,0,1.0,0,0
60189,0,83140,0,1.0,0,0
60137,0,119299,0,1.0,0,0
77479,0,67678,0,2.0,0,0
75093,0,93560,0,7.0,0,0
91502,0,35793,0,2.0,0,0
37042,0,52917,0,1.0,0,0
37027,0,121721,0,6.0,0,0
94107,0,120979,0,1.0,0,0
90806,0,37827,0,4.0,0,0
94127,0,300000,0,2.0,0,0
11226,0,32427,0,1.0,0,0
93311,0,91187,0,1.0,0,0
90245,0,86968,0,9.0,0,0
11385,0,64342,0,5.0,0,0
90042,0,49009,0,9.0,0,0
10033,0,56347,0,1.0,0,0
20164,0,300000,0,2.0,0,0
90601,0,78658,0,1.0,0,0
90046,0,46897,0,6.0,0,0
20171,0,73413,0,3.0,0,0
94608,0,20114,0,2.0,0,0
90049,0,300000,0,2.0,0,0
90403,0,156861,0,2.0,0,0
22207,0,300000,0,1.0,0,0
75041,0,37138,0,4.0,0,0
90720,0,43461,0,1.0,0,0
32073,0,43800,0,2.0,0,0
90716,0,96094,0,3.0,0,0
75044,0,56935,0,2.0,0,0
60015,0,300000,0,2.0,0,0
75015,0,34086,0,1.0,0,0
10475,0,41374,0,3.0,0,0
92110,0,122111,0,1.0,0,0
90602,0,48157,0,6.0,0,0
60602,0,62317,0,4.0,0,0
32246,0,76513,0,2.0,0,0
94114,0,300000,0,4.0,0,0
60632,0,300000,0,2.0,0,0
11372,0,46396,0,3.0,0,0
10038,0,49704,0,3.0,0,0
92804,0,300000,0,5.0,0,0
90201,0,56738,0,11.0,0,0
91403,0,63169,0,1.0,0,0
60618,0,109819,0,6.0,0,0
90293,0,71650,0,1.0,0,0
75231,0,26723,0,7.0,0,0
32301,0,48248,0,3.0,0,0
10016,0,68128,0,1.0,0,0
60014,0,76573,0,5.0,0,0
94117,0,300000,0,5.0,0,0
91701,0,34071,0,1.0,0,0
77477,0,56852,0,3.0,0,0
75001,0,70948,0,4.0,0,0
11207,0,19694,0,2.0,0,0
60706,0,45630,0,1.0,0,0
60061,0,51711,0,1.0,0,0
94132,0,67378,0,1.0,0,0
60074,0,300000,0,3.0,0,0
22041,0,65204,0,3.0,0,0
90048,0,62610,0,5.0,0,0
91205,0,39268,0,5.0,0,0
75208,0,43461,0,7.0,0,0
10040,0,76494,0,3.0,0,0
32097,0,70640,0,1.0,0,0
77019,0,55778,0,2.0,0,0
77030,0,102799,0,1.0,0,0
93313,0,46767,0,1.0,0,0
90650,0,300000,0,11.0,0,0
90023,0,19354,0,5.0,0,0
92832,0,92860,0,2.0,0,0
75007,0,65585,0,3.0,0,0
75219,0,126166,0,5.0,0,0
11215,0,73722,0,4.0,0,0
77429,0,70037,0,6.0,0,0
91343,0,85144,0,2.0,0,0
75201,0,74606,0,5.0,0,0
94085,0,115034,0,1.0,0,0
77450,0,102269,0,5.0,0,0
75081,0,83502,0,4.0,0,0
10011,0,100393,0,2.0,0,0
60062,0,101106,0,2.0,0,0
93433,0,300000,0,4.0,0,0
75233,0,22560,0,1.0,0,0
22193,0,125048,0,1.0,0,0
94123,0,110331,0,6.0,0,0
91030,0,55405,0,1.0,0,0
90501,0,63008,0,5.0,0,0
11369,0,300000,0,1.0,0,0
75205,0,215868,0,5.0,0,0
22180,0,300000,0,1.0,0,0
95002,0,76559,0,1.0,0,0
75074,0,105287,0,7.0,0,0
75098,0,84934,0,1.0,0,0
10024,0,300000,0,3.0,0,0
77504,0,78790,0,1.0,0,0
60646,0,111554,0,1.0,0,0
90044,0,27101,0,2.0,0,0
90045,0,107969,0,8.0,0,0
77005,0,300000,0,2.0,0,0
37216,0,38760,0,2.0,0,0
22150,0,88102,0,3.0,0,0
90027,0,64881,0,6.0,0,0
90620,0,73636,0,3.0,0,0
10455,0,21900,0,2.0,0,0
11238,0,65566,0,6.0,0,0
90808,0,300000,0,3.0,0,0
60181,0,73947,0,2.0,0,0
93704,0,75728,0,2.0,0,0
93308,0,35774,0,3.0,0,0
60640,0,62188,0,2.0,0,0
22033,0,300000,0,4.0,0,0
93420,0,63124,0,5.0,0,0
75077,0,300000,0,5.0,0,0
94103,0,17195,0,5.0,0,0
93710,0,30873,0,4.0,0,0
90505,0,300000,0,6.0,0,0
11378,0,49897,0,1.0,0,0
10036,0,0,0,1.0,0,0
60546,0,60063,0,4.0,0,0
10023,0,160021,0,1.0,0,0
60108,0,65615,0,1.0,0,0
90745,0,57020,0,4.0,0,0
77081,0,21377,0,4.0,0,0
90701,0,61821,0,3.0,0,0
20169,0,96442,0,2.0,0,0
90746,0,48895,0,8.0,0,0
11230,0,48180,0,1.0,0,0
93305,0,52669,0,6.0,0,0
91201,0,70374,0,1.0,0,0
75034,0,300000,0,5.0,0,0
90503,0,300000,0,3.0,0,0
20152,0,52723,0,2.0,0,0
93292,0,32526,0,1.0,0,0
75204,0,84399,0,4.0,0,0
60016,0,65670,0,4.0,0,0
90036,0,300000,0,3.0,0,0
77346,0,68943,0,1.0,0,0
22039,0,300000,0,1.0,0,0
60626,0,42875,0,3.0,0,0
60046,0,69791,0,1.0,0,0
77007,0,86219,0,1.0,0,0
90814,0,47193,0,2.0,0,0
91950,0,13276,0,1.0,0,0
77382,0,121972,0,1.0,0,0
60651,0,24711,0,1.0,0,0
75067,0,300000,0,9.0,0,0
94015,0,300000,0,4.0,0,0
10019,0,69242,0,2.0,0,0
22311,0,47374,0,1.0,0,0
10801,0,76469,0,1.0,0,0
37013,0,43894,0,1.0,0,0
20147,0,119556,0,6.0,0,0
93612,0,46353,0,9.0,0,0
90703,0,96089,0,3.0,0,0
75287,0,32230,0,2.0,0,0
10002,0,91469,0,1.0,0,0
75116,0,47424,0,2.0,0,0
77070,0,65430,0,2.0,0,0
22124,0,120625,0,1.0,0,0
90255,0,27107,0,10.0,0,0
91601,0,40557,0,2.0,0,0
75056,0,300000,0,8.0,0,0
77032,0,51439,0,2.0,0,0
75050,0,34200,0,2.0,0,0
37203,0,23571,0,8.0,0,0
60004,0,95962,0,5.0,0,0
20148,0,300000,0,1.0,0,0
11237,0,62611,0,9.0,0,0
77057,0,59601,0,2.0,0,0
93449,0,94742,0,1.0,0,0
11421,0,93891,0,1.0,0,0
10026,0,25997,0,1.0,0,0
60647,0,66598,0,11.0,0,0
10803,0,212250,0,1.0,0,0
90292,0,94781,0,6.0,0,0
90640,0,49628,0,10.0,0,0
91405,0,37333,0,6.0,0,0
11356,0,0,0,1.0,0,0
60025,0,69189,0,3.0,0,0
94709,0,35427,0,1.0,0,0
90291,0,117987,0,4.0,0,0
37217,0,27852,0,1.0,0,0
90630,0,300000,0,8.0,0,0
60008,0,78572,0,2.0,0,0
60644,0,37632,0,2.0,0,0
10010,0,151229,0,3.0,0,0
11206,0,52856,0,4.0,0,0
92113,0,30148,0,4.0,0,0
60048,0,36002,0,1.0,0,0
20191,0,101584,0,1.0,0,0
90502,0,63800,0,1.0,0,0
92101,0,69051,0,3.0,0,0
32216,0,66153,0,1.0,0,0
91791,0,104414,0,1.0,0,0
7002,0,42240,0,2.0,0,0
77478,0,80183,0,5.0,0,0
90061,0,44268,0,1.0,0,0
60607,0,125702,0,2.0,0,0
75240,0,71788,0,4.0,0,0
94129,0,300000,0,1.0,0,0
91302,0,300000,0,1.0,0,0
11210,0,48829,0,3.0,0,0
90813,0,24828,0,7.0,0,0
60090,0,58788,0,3.0,0,0
20110,0,72878,0,5.0,0,0
37206,0,300000,0,1.0,0,0
90713,0,75940,0,3.0,0,0
90810,0,94556,0,1.0,0,0
60131,0,36424,0,1.0,0,0
20155,0,105372,0,5.0,0,0
90041,0,59408,0,9.0,0,0
92115,0,28255,0,1.0,0,0
75248,0,86387,0,2.0,0,0
77375,0,136637,0,1.0,0,0
60154,0,300000,0,1.0,0,0
11221,0,45627,0,1.0,0,0
60139,0,65160,0,1.0,0,0
60714,0,76515,0,3.0,0,0
75228,0,32787,0,1.0,0,0
75002,0,169040,0,4.0,0,0
11209,0,95157,0,3.0,0,0
77072,0,300000,0,1.0,0,0
11358,0,74232,0,1.0,0,0
60162,0,52069,0,1.0,0,0
60067,0,300000,0,2.0,0,0
90007,0,38672,0,2.0,0,0
75052,0,104518,0,3.0,0,0
93726,0,46592,0,6.0,0,0
91776,0,47607,0,4.0,0,0
37214,0,76631,0,1.0,0,0
77494,0,141709,0,2.0,0,0
75023,0,300000,0,2.0,0,0
60623,0,33943,0,2.0,0,0
10013,0,54857,0,1.0,0,0
92683,0,43211,0,3.0,0,0
94116,0,60686,0,1.0,0,0
90744,0,31470,0,6.0,0,0
93720,0,43176,0,3.0,0,0
60656,0,64415,0,1.0,0,0
90504,0,300000,0,3.0,0,0
91402,0,42001,0,4.0,0,0
93728,0,23315,0,4.0,0,0
91803,0,58614,0,2.0,0,0
94102,0,21830,0,3.0,0,0
92104,0,54831,0,4.0,0,0
90240,0,300000,0,1.0,0,0
90038,0,47458,0,2.0,0,0
11223,0,33741,0,2.0,0,0
90001,0,30036,0,2.0,0,0
75019,0,300000,0,4.0,0,0
32117,0,25573,0,1.0,0,0
90008,0,70607,0,3.0,0,0
75025,0,300000,0,1.0,0,0
93307,0,18277,0,1.0,0,0
91335,0,59693,0,5.0,0,0
75149,0,43792,0,1.0,0,0
93611,0,89265,0,5.0,0,0
90066,0,116703,0,2.0,0,0
91204,0,55120,0,5.0,0,0
60804,0,35830,0,5.0,0,0
22202,0,113550,0,3.0,0,0
10310,0,38803,0,1.0,0,0
94611,0,62784,0,1.0,0,0
60614,0,54244,0,7.0,0,0
90604,0,62108,0,3.0,0,0
91406,0,39263,0,3.0,0,0
91324,0,44427,0,6.0,0,0
93306,0,59094,0,3.0,0,0
90631,0,72539,0,9.0,0,0
77304,0,64826,0,5.0,0,0
77502,0,34116,0,3.0,0,0
60712,0,56994,0,1.0,0,0
60047,0,157184,0,2.0,0,0
22203,0,65963,0,3.0,0,0
90026,0,93139,0,5.0,0,0
77090,0,29351,0,1.0,0,0
90011,0,25700,0,6.0,0,0
75051,0,46591,0,2.0,0,0
75057,0,100153,0,3.0,0,0
7020,0,300000,0,1.0,0,0
90706,0,300000,0,7.0,0,0
90032,0,38818,0,5.0,0,0
10304,0,50258,0,1.0,0,0
20109,0,50724,0,4.0,0,0
77840,0,21529,0,1.0,0,0
91731,0,55648,0,1.0,0,0
75060,0,31748,0,3.0,0,0
11218,0,44950,0,5.0,0,0
37167,0,79894,0,2.0,0,0
77098,0,172493,0,2.0,0,0
37204,0,54579,0,3.0,0,0
32308,0,42408,0,1.0,0,0
90248,0,300000,0,6.0,0,0
75225,0,300000,0,1.0,0,0
90037,0,24958,0,3.0,0,0
77345,0,86673,0,1.0,0,0
91504,0,63799,0,1.0,0,0
60053,0,300000,0,2.0,0,0
90405,0,46977,0,5.0,0,0
90033,0,300000,0,6.0,0,0
75071,0,82641,0,1.0,0,0
77096,0,133447,0,1.0,0,0
10468,0,36911,0,2.0,0,0
60525,0,56695,0,1.0,0,0
90024,0,91139,0,6.0,0,0
90063,0,52980,0,4.0,0,0
60031,0,300000,0,2.0,0,0
11234,0,100578,0,1.0,0,0
20151,0,300000,0,6.0,0,0
60005,0,83407,0,3.0,0,0
90065,0,300000,0,6.0,0,0
20170,0,300000,0,5.0,0,0
90003,0,34678,0,1.0,0,0
90804,0,39139,0,5.0,0,0
75043,0,62805,0,4.0,0,0
94115,0,141923,0,2.0,0,0
32063,0,43196,0,1.0,0,0
90270,0,21049,0,3.0,0,0
75075,0,26215,0,5.0,0,0
60625,0,65824,0,2.0,0,0
75068,0,42947,0,1.0,0,0
77338,0,60475,0,6.0,0,0
20165,0,115029,0,1.0,0,0
92821,0,64980,0,1.0,0,0
91340,0,66670,0,1.0,0,0
90249,0,52730,0,5.0,0,0
10457,0,19175,0,1.0,0,0
22191,0,300000,0,2.0,0,0
90247,0,35604,0,4.0,0,0
91401,0,54369,0,2.0,0,0
11216,0,43209,0,3.0,0,0
94133,0,82929,0,2.0,0,0
10460,0,14119,0,1.0,0,0
77034,0,39263,0,2.0,0,0
60641,0,38893,0,3.0,0,0
10021,0,0,0,1.0,0,0
91001,0,300000,0,1.0,0,0
60164,0,42306,0,1.0,0,0
60104,0,300000,0,1.0,0,0
32250,0,67066,0,2.0,0,0
91367,0,72104,0,2.0,0,0
75087,0,300000,0,2.0,0,0
7302,0,40321,0,2.0,0,0
10463,0,24253,0,3.0,0,0
10306,0,86687,0,2.0,0,0
90031,0,27902,0,8.0,0,0
94014,0,74953,0,1.0,0,0
93291,0,25640,0,3.0,0,0
77056,0,45189,0,1.0,0,0
75246,0,26736,0,1.0,0,0
90815,0,63316,0,5.0,0,0
60707,0,300000,0,4.0,0,0
60172,0,97129,0,2.0,0,0
60050,0,300000,0,1.0,0,0
90012,0,15956,0,1.0,0,0
75211,0,23286,0,1.0,0,0
10065,0,118775,0,1.0,0,0
60077,0,60332,0,4.0,0,0
91101,0,43316,0,8.0,0,0
75006,0,79305,0,10.0,0,0
93309,0,42479,0,8.0,0,0
60608,0,48321,0,6.0,0,0
75230,0,108288,0,3.0,0,0
32217,0,16659,0,1.0,0,0
91505,0,300000,0,5.0,0,0
77388,0,109613,0,1.0,0,0
11231,0,120695,0,3.0,0,0
22315,0,141414,0,1.0,0,0
94108,0,56013,0,2.0,0,0
75065,0,77070,0,2.0,0,0
91311,0,90602,0,2.0,0,0
37211,0,300000,0,1.0,0,0
60639,0,44634,0,6.0,0,0
22192,0,78914,0,2.0,0,0
94110,0,38568,0,30.0,0,0
60007,0,48822,0,4.0,0,0
10472,0,29713,0,1.0,0,0
90260,0,45831,0,4.0,0,0
75022,0,125217,0,2.0,0,0
92103,0,88389,0,1.0,0,0
90010,0,300000,0,1.0,0,0
90680,0,47046,0,2.0,0,0
75024,0,93054,0,4.0,0,0
22015,0,138532,0,3.0,0,0
94501,0,43007,0,2.0,0,0
90621,0,52358,0,1.0,0,0
10305,0,91021,0,2.0,0,0
90034,0,300000,0,6.0,0,0
75080,0,62412,0,6.0,0,0
10004,0,0,0,4.0,0,0
91304,0,41995,0,2.0,0,0
60130,0,51303,0,1.0,0,0
75040,0,63817,0,9.0,0,0
60610,0,97367,0,5.0,0,0
90029,0,28797,0,5.0,0,0
37209,0,48481,0,1.0,0,0
90254,0,117114,0,5.0,0,0
90006,0,28469,0,2.0,0,0
90028,0,83180,0,4.0,0,0
37215,0,129747,0,1.0,0,0
90404,0,94342,0,3.0,0,0
92116,0,37570,0,3.0,0,0
60148,0,58725,0,3.0,0,0
77031,0,57194,0,1.0,0,0
60089,0,102256,0,0,2.0,0
60402,0,52331,0,0,4.0,0
37040,0,24986,0,0,3.0,0
94122,0,109102,0,0,6.0,0
90755,0,36506,0,0,1.0,0
91356,0,44404,0,0,2.0,0
10467,0,25840,0,0,2.0,0
91303,0,88567,0,0,2.0,0
75039,0,0,0,0,1.0,0
90262,0,41431,0,0,2.0,0
11224,0,44938,0,0,1.0,0
94118,0,63551,0,0,1.0,0
91741,0,300000,0,0,1.0,0
93277,0,87021,0,0,1.0,0
10003,0,300000,0,0,1.0,0
92835,0,300000,0,0,1.0,0
11205,0,300000,0,0,1.0,0
90638,0,96936,0,0,5.0,0
77503,0,51664,0,0,2.0,0
22030,0,300000,0,0,3.0,0
60202,0,80386,0,0,2.0,0
90242,0,76695,0,0,1.0,0
95051,0,108998,0,0,1.0,0
10462,0,50224,0,0,2.0,0
94080,0,96033,0,0,1.0,0
37066,0,57335,0,0,2.0,0
32570,0,55854,0,0,1.0,0
32011,0,25171,0,0,1.0,0
22312,0,300000,0,0,2.0,0
77379,0,48975,0,0,5.0,0
11101,0,40506,0,0,2.0,0
75063,0,73694,0,0,1.0,0
60616,0,44154,0,0,1.0,0
32221,0,80713,0,0,1.0,0
60634,0,54001,0,0,1.0,0
37212,0,0,0,0,1.0,0
91306,0,300000,0,0,3.0,0
37924,0,50774,0,0,1.0,0
93536,0,57343,0,0,2.0,0
77017,0,47364,0,0,1.0,0
60613,0,117215,0,0,4.0,0
37208,0,27995,0,0,2.0,0
32233,0,32107,0,0,1.0,0
60657,0,58437,0,0,4.0,0
32065,0,88279,0,0,2.0,0
77089,0,300000,0,0,1.0,0
90018,0,37415,0,0,1.0,0
22032,0,128472,0,0,1.0,0
90740,0,65316,0,0,1.0,0
90723,0,45286,0,0,2.0,0
22303,0,86214,0,0,4.0,0
90230,0,300000,0,0,3.0,0
52601,0,300000,0,0,3.0,0
90212,0,89224,0,0,2.0,0
91104,0,300000,0,0,2.0,0
91506,0,300000,0,0,1.0,0
75035,0,300000,0,0,2.0,0
75203,0,28055,0,0,1.0,0
94109,0,105824,0,0,3.0,0
77301,0,56057,0,0,5.0,0
10128,0,129437,0,0,1.0,0
91606,0,41169,0,0,3.0,0
91208,0,300000,0,0,1.0,0
22305,0,52927,0,0,2.0,0
77449,0,300000,0,0,2.0,0
90712,0,99591,0,0,3.0,0
90280,0,42954,0,0,1.0,0
32311,0,38546,0,0,1.0,0
90802,0,28386,0,0,2.0,0
11201,0,105949,0,0,2.0,0
60060,0,77622,0,0,2.0,0
60070,0,300000,0,0,1.0,0
11420,0,45629,0,0,1.0,0
94121,0,131522,0,0,2.0,0
75061,0,52672,0,0,1.0,0
93722,0,53793,0,0,1.0,0
75238,0,34726,0,0,1.0,0
75028,0,75687,0,0,1.0,0
22314,0,99420,0,0,1.0,0
22205,0,172306,0,0,1.0,0
92833,0,300000,0,0,1.0,0
90606,0,58849,0,0,1.0,0
60191,0,64058,0,0,1.0,0
90660,0,73063,0,0,2.0,0
11236,0,73363,0,0,1.0,0
22304,0,201141,0,0,3.0,0
60035,0,141411,0,0,2.0,0
90302,0,32606,0,0,1.0,0
60051,0,300000,0,0,1.0,0
11105,0,65991,0,0,2.0,0
75042,0,24891,0,0,3.0,0
11211,0,87129,0,0,1.0,0
10451,0,13246,0,0,1.0,0
94112,0,83574,0,0,1.0,0
93535,0,38578,0,0,1.0,0
75010,0,82207,0,0,1.0,0
91754,0,60854,0,0,1.0,0
60018,0,55845,0,0,2.0,0
60659,0,72810,0,0,2.0,0
60002,0,70658,0,0,1.0,0
20190,0,142406,0,0,1.0,0
90025,0,97041,0,0,2.0,0
22204,0,300000,0,0,2.0,0
20111,0,86659,0,0,1.0,0
22201,0,300000,0,0,3.0,0
10314,0,108326,0,0,1.0,0
60056,0,131178,0,0,5.0,0
22044,0,197065,0,0,1.0,0
92111,0,36188,0,0,1.0,0
91325,0,61041,0,0,3.0,0
75032,0,0,0,0,1.0,0
75243,0,0,0,0,1.0,0
32244,0,37446,0,0,1.0,0
90717,0,140323,0,0,2.0,0
92102,0,30825,0,0,1.0,0
22310,0,300000,0,0,3.0,0
46815,0,63695,0,0,1.0,0
91352,0,76038,0,0,1.0,0
22031,0,159997,0,0,3.0,0
32205,0,300000,0,0,2.0,0
60085,0,46446,0,0,2.0,0
22153,0,170583,0,0,1.0,0
90266,0,206024,0,0,3.0,0
60605,0,15307,0,0,1.0,0
91605,0,26032,0,0,1.0,0
93702,0,24284,0,0,1.0,0
75235,0,55033,0,0,1.0,0
90803,0,104705,0,0,2.0,0
60073,0,43465,0,0,1.0,0
22101,0,300000,0,0,3.0,0
90605,0,300000,0,0,4.0,0
90731,0,55848,0,0,1.0,0
11375,0,103910,0,0,2.0,0
91107,0,24459,0,0,2.0,0
90807,0,77305,0,0,2.0,0
91604,0,300000,0,0,3.0,0
90805,0,52217,0,0,2.0,0
11229,0,67319,0,0,1.0,0
93534,0,56932,0,0,2.0,0
90221,0,43934,0,0,1.0,0
75252,0,300000,0,0,1.0,0
90278,0,300000,0,0,2.0,0
32114,0,33511,0,0,2.0,0
20121,0,106122,0,0,2.0,0
32003,0,300000,0,0,2.0,0
77071,0,33782,0,0,1.0,0
32254,0,25471,0,0,1.0,0
77380,0,300000,0,0,3.0,0
91790,0,300000,0,0,1.0,0
91602,0,76209,0,0,2.0,0
20136,0,134710,0,0,1.0,0
32127,0,42981,0,0,1.0,0
91106,0,35231,0,0,2.0,0
90301,0,32736,0,0,2.0,0
90220,0,43250,0,0,3.0,0
91702,0,76099,0,0,1.0,0
10031,0,0,0,0,2.0,0
37075,0,101195,0,0,3.0,0
77099,0,30582,0,0,1.0,0
75206,0,81177,0,0,6.0,0
75220,0,39393,0,0,2.0,0
32225,0,100253,0,0,1.0,0
60645,0,58498,0,0,1.0,0
60188,0,300000,0,0,1.0,0
90250,0,40862,0,0,2.0,0
76014,0,300000,0,0,1.0,0
60201,0,69616,0,0,1.0,0
91740,0,300000,0,0,1.0,0
60126,0,56797,0,0,2.0,0
60660,0,64803,0,0,2.0,0
11208,0,52769,0,0,1.0,0
75070,0,101768,0,0,3.0,0
37620,0,38962,0,0,2.0,0
90241,0,53192,0,0,1.0,0
60160,0,40406,0,0,1.0,0
77084,0,300000,0,0,2.0,0
22042,0,300000,0,0,2.0,0
22046,0,116916,0,0,3.0,0
75150,0,66697,0,0,2.0,0
77389,0,300000,0,0,2.0,0
90303,0,80697,0,0,2.0,0
77339,0,96054,0,0,3.0,0
22102,0,222333,0,0,2.0,0
75062,0,300000,0,0,2.0,0
10301,0,0,0,0,1.0,0
94601,0,40160,0,0,3.0,0
10469,0,69658,0,0,2.0,0
77479,0,67678,0,0,1.0,0
75093,0,93560,0,0,4.0,0
91502,0,35793,0,0,4.0,0
37042,0,52917,0,0,2.0,0
37027,0,121721,0,0,1.0,0
75229,0,128666,0,0,1.0,0
91326,0,300000,0,0,1.0,0
90806,0,37827,0,0,3.0,0
94127,0,300000,0,0,1.0,0
22213,0,140585,0,0,1.0,0
90245,0,86968,0,0,1.0,0
11385,0,64342,0,0,3.0,0
10033,0,56347,0,0,1.0,0
20164,0,300000,0,0,4.0,0
90601,0,78658,0,0,2.0,0
90046,0,46897,0,0,1.0,0
20171,0,73413,0,0,2.0,0
90049,0,300000,0,0,1.0,0
90403,0,156861,0,0,1.0,0
22207,0,300000,0,0,3.0,0
75041,0,37138,0,0,1.0,0
90720,0,43461,0,0,2.0,0
32073,0,43800,0,0,2.0,0
90716,0,96094,0,0,1.0,0
32174,0,38699,0,0,1.0,0
75044,0,56935,0,0,1.0,0
60015,0,300000,0,0,2.0,0
92110,0,122111,0,0,1.0,0
32246,0,76513,0,0,1.0,0
94114,0,300000,0,0,1.0,0
60302,0,98137,0,0,1.0,0
32256,0,51507,0,0,1.0,0
22309,0,65387,0,0,1.0,0
32303,0,39098,0,0,1.0,0
92804,0,300000,0,0,1.0,0
90201,0,56738,0,0,2.0,0
91403,0,63169,0,0,2.0,0
60618,0,109819,0,0,1.0,0
75231,0,26723,0,0,2.0,0
32301,0,48248,0,0,1.0,0
75020,0,300000,0,0,1.0,0
60014,0,76573,0,0,1.0,0
94117,0,300000,0,0,3.0,0
77477,0,56852,0,0,1.0,0
75001,0,70948,0,0,1.0,0
11207,0,19694,0,0,1.0,0
60706,0,45630,0,0,2.0,0
60074,0,300000,0,0,2.0,0
22041,0,65204,0,0,6.0,0
91205,0,39268,0,0,1.0,0
75208,0,43461,0,0,1.0,0
91007,0,52547,0,0,1.0,0
91344,0,300000,0,0,3.0,0
20132,0,300000,0,0,1.0,0
75007,0,65585,0,0,4.0,0
75219,0,126166,0,0,1.0,0
90274,0,157006,0,0,1.0,0
91724,0,62609,0,0,1.0,0
77429,0,70037,0,0,2.0,0
91343,0,85144,0,0,2.0,0
75201,0,74606,0,0,1.0,0
94085,0,115034,0,0,1.0,0
77450,0,102269,0,0,2.0,0
75081,0,83502,0,0,3.0,0
11374,0,80384,0,0,1.0,0
60062,0,101106,0,0,2.0,0
93433,0,300000,0,0,1.0,0
22193,0,125048,0,0,2.0,0
94123,0,110331,0,0,1.0,0
24202,0,51504,0,0,1.0,0
91030,0,55405,0,0,1.0,0
90501,0,63008,0,0,1.0,0
75205,0,215868,0,0,1.0,0
22180,0,300000,0,0,1.0,0
75074,0,105287,0,0,1.0,0
77504,0,78790,0,0,1.0,0
90045,0,107969,0,0,4.0,0
37216,0,38760,0,0,1.0,0
22150,0,88102,0,0,2.0,0
90027,0,64881,0,0,2.0,0
90620,0,73636,0,0,1.0,0
11418,0,71093,0,0,1.0,0
10455,0,21900,0,0,1.0,0
90808,0,300000,0,0,1.0,0
60181,0,73947,0,0,1.0,0
22033,0,300000,0,0,2.0,0
93420,0,63124,0,0,1.0,0
75077,0,300000,0,0,1.0,0
94103,0,17195,0,0,4.0,0
93710,0,30873,0,0,2.0,0
90505,0,300000,0,0,2.0,0
10705,0,28023,0,0,1.0,0
91202,0,113952,0,0,1.0,0
90745,0,57020,0,0,2.0,0
90701,0,61821,0,0,2.0,0
90035,0,77492,0,0,1.0,0
90746,0,48895,0,0,3.0,0
37210,0,300000,0,0,1.0,0
91201,0,70374,0,0,1.0,0
75034,0,300000,0,0,5.0,0
22003,0,82442,0,0,4.0,0
90503,0,300000,0,0,1.0,0
20152,0,52723,0,0,1.0,0
75204,0,84399,0,0,1.0,0
60016,0,65670,0,0,2.0,0
90036,0,300000,0,0,1.0,0
77346,0,68943,0,0,4.0,0
60046,0,69791,0,0,2.0,0
90814,0,47193,0,0,1.0,0
77382,0,121972,0,0,2.0,0
75067,0,300000,0,0,2.0,0
94015,0,300000,0,0,1.0,0
77489,0,47940,0,0,2.0,0
37013,0,43894,0,0,2.0,0
20147,0,119556,0,0,6.0,0
93612,0,46353,0,0,1.0,0
75287,0,32230,0,0,1.0,0
75116,0,47424,0,0,1.0,0
77075,0,41986,0,0,1.0,0
77070,0,65430,0,0,1.0,0
90255,0,27107,0,0,1.0,0
91601,0,40557,0,0,4.0,0
75056,0,300000,0,0,3.0,0
77032,0,51439,0,0,1.0,0
22182,0,113602,0,0,1.0,0
37203,0,23571,0,0,5.0,0
60004,0,95962,0,0,3.0,0
22306,0,58295,0,0,3.0,0
77057,0,59601,0,0,1.0,0
60647,0,66598,0,0,5.0,0
94131,0,94516,0,0,1.0,0
91364,0,44205,0,0,2.0,0
90640,0,49628,0,0,3.0,0
91405,0,37333,0,0,3.0,0
60025,0,69189,0,0,1.0,0
94709,0,35427,0,0,1.0,0
37217,0,27852,0,0,1.0,0
90630,0,300000,0,0,4.0,0
91307,0,89857,0,0,1.0,0
60008,0,78572,0,0,1.0,0
60644,0,37632,0,0,1.0,0
11206,0,52856,0,0,1.0,0
90502,0,63800,0,0,1.0,0
91411,0,22542,0,0,1.0,0
32216,0,66153,0,0,2.0,0
7002,0,42240,0,0,1.0,0
77478,0,80183,0,0,4.0,0
32082,0,145715,0,0,1.0,0
60607,0,125702,0,0,1.0,0
60155,0,59028,0,0,1.0,0
11103,0,82248,0,0,2.0,0
90813,0,24828,0,0,3.0,0
60090,0,58788,0,0,1.0,0
60630,0,59734,0,0,2.0,0
20110,0,72878,0,0,4.0,0
11212,0,37854,0,0,3.0,0
90713,0,75940,0,0,2.0,0
90810,0,94556,0,0,1.0,0
20155,0,105372,0,0,2.0,0
90041,0,59408,0,0,3.0,0
32224,0,300000,0,0,1.0,0
75248,0,86387,0,0,1.0,0
60154,0,300000,0,0,2.0,0
75228,0,32787,0,0,1.0,0
75002,0,169040,0,0,1.0,0
11209,0,95157,0,0,1.0,0
75052,0,104518,0,0,3.0,0
93726,0,46592,0,0,2.0,0
91776,0,47607,0,0,3.0,0
77494,0,141709,0,0,1.0,0
75023,0,300000,0,0,1.0,0
92683,0,43211,0,0,1.0,0
94116,0,60686,0,0,1.0,0
90744,0,31470,0,0,2.0,0
93720,0,43176,0,0,2.0,0
11235,0,46412,0,0,1.0,0
91803,0,58614,0,0,1.0,0
91316,0,300000,0,0,1.0,0
94102,0,21830,0,0,1.0,0
49048,0,26735,0,0,1.0,0
92104,0,54831,0,0,3.0,0
90001,0,30036,0,0,1.0,0
75019,0,300000,0,0,1.0,0
32117,0,25573,0,0,1.0,0
90008,0,70607,0,0,1.0,0
75025,0,300000,0,0,1.0,0
91335,0,59693,0,0,6.0,0
75149,0,43792,0,0,2.0,0
90066,0,116703,0,0,2.0,0
60040,0,64282,0,0,1.0,0
91204,0,55120,0,0,3.0,0
60804,0,35830,0,0,2.0,0
22202,0,113550,0,0,2.0,0
10310,0,38803,0,0,1.0,0
11435,0,66568,0,0,1.0,0
90604,0,62108,0,0,1.0,0
91406,0,39263,0,0,2.0,0
91324,0,44427,0,0,4.0,0
60163,0,35043,0,0,1.0,0
94124,0,92794,0,0,1.0,0
90631,0,72539,0,0,2.0,0
77304,0,64826,0,0,1.0,0
77502,0,34116,0,0,2.0,0
77058,0,300000,0,0,1.0,0
90026,0,93139,0,0,2.0,0
10456,0,17622,0,0,1.0,0
60087,0,39088,0,0,1.0,0
91732,0,57351,0,0,2.0,0
75051,0,46591,0,0,2.0,0
90706,0,300000,0,0,3.0,0
10304,0,50258,0,0,1.0,0
20109,0,50724,0,0,3.0,0
75060,0,31748,0,0,1.0,0
43950,0,46690,0,0,1.0,0
11218,0,44950,0,0,1.0,0
90275,0,105522,0,0,2.0,0
10550,0,50932,0,0,1.0,0
32308,0,42408,0,0,1.0,0
90248,0,300000,0,0,1.0,0
77345,0,86673,0,0,1.0,0
60053,0,300000,0,0,1.0,0
90405,0,46977,0,0,1.0,0
90033,0,300000,0,0,2.0,0
75071,0,82641,0,0,6.0,0
77096,0,133447,0,0,2.0,0
10468,0,36911,0,0,1.0,0
90024,0,91139,0,0,5.0,0
90063,0,52980,0,0,2.0,0
60031,0,300000,0,0,1.0,0
11234,0,100578,0,0,1.0,0
20151,0,300000,0,0,2.0,0
11104,0,67771,0,0,2.0,0
60005,0,83407,0,0,1.0,0
90065,0,300000,0,0,2.0,0
20170,0,300000,0,0,4.0,0
90804,0,39139,0,0,4.0,0
75043,0,62805,0,0,2.0,0
32063,0,43196,0,0,1.0,0
90270,0,21049,0,0,1.0,0
32118,0,28511,0,0,3.0,0
75075,0,26215,0,0,1.0,0
60625,0,65824,0,0,2.0,0
77338,0,60475,0,0,4.0,0
20165,0,115029,0,0,2.0,0
91340,0,66670,0,0,1.0,0
90249,0,52730,0,0,2.0,0
32068,0,49944,0,0,2.0,0
22191,0,300000,0,0,4.0,0
90247,0,35604,0,0,3.0,0
91764,0,44939,0,0,1.0,0
91401,0,54369,0,0,1.0,0
11216,0,43209,0,0,1.0,0
94133,0,82929,0,0,1.0,0
32084,0,60742,0,0,1.0,0
60638,0,53244,0,0,1.0,0
77034,0,39263,0,0,1.0,0
11361,0,0,0,0,1.0,0
60641,0,38893,0,0,2.0,0
93706,0,18241,0,0,1.0,0
11368,0,72674,0,0,1.0,0
10021,0,0,0,0,1.0,0
91001,0,300000,0,0,2.0,0
10704,0,300000,0,0,1.0,0
10470,0,52788,0,0,1.0,0
60104,0,300000,0,0,1.0,0
10463,0,24253,0,0,2.0,0
92845,0,300000,0,0,1.0,0
90031,0,27902,0,0,1.0,0
94014,0,74953,0,0,1.0,0
11354,0,57563,0,0,1.0,0
93291,0,25640,0,0,1.0,0
90815,0,63316,0,0,2.0,0
60707,0,300000,0,0,1.0,0
75211,0,23286,0,0,4.0,0
10065,0,118775,0,0,1.0,0
60077,0,60332,0,0,1.0,0
91101,0,43316,0,0,1.0,0
75006,0,79305,0,0,3.0,0
90068,0,98295,0,0,1.0,0
75230,0,108288,0,0,1.0,0
91505,0,300000,0,0,1.0,0
77388,0,109613,0,0,2.0,0
22315,0,141414,0,0,2.0,0
91203,0,34908,0,0,2.0,0
75065,0,77070,0,0,1.0,0
32207,0,29766,0,0,2.0,0
91311,0,90602,0,0,4.0,0
37211,0,300000,0,0,1.0,0
60021,0,300000,0,0,1.0,0
60639,0,44634,0,0,1.0,0
22192,0,78914,0,0,1.0,0
94110,0,38568,0,0,2.0,0
90260,0,45831,0,0,2.0,0
75022,0,125217,0,0,3.0,0
90010,0,300000,0,0,1.0,0
11102,0,81067,0,0,1.0,0
90680,0,47046,0,0,1.0,0
75024,0,93054,0,0,2.0,0
22015,0,138532,0,0,4.0,0
94501,0,43007,0,0,1.0,0
90621,0,52358,0,0,2.0,0
90034,0,300000,0,0,2.0,0
75080,0,62412,0,0,4.0,0
91304,0,41995,0,0,1.0,0
75040,0,63817,0,0,1.0,0
90029,0,28797,0,0,2.0,0
37209,0,48481,0,0,1.0,0
90254,0,117114,0,0,1.0,0
90028,0,83180,0,0,1.0,0
37215,0,129747,0,0,2.0,0
90404,0,94342,0,0,1.0,0
60148,0,58725,0,0,3.0,0
76002,0,88599,0,0,0,1.0
60089,0,102256,0,0,0,3.0
60402,0,52331,0,0,0,1.0
37040,0,24986,0,0,0,3.0
91345,0,300000,0,0,0,3.0
10710,0,65355,0,0,0,1.0
91436,0,183484,0,0,0,1.0
94122,0,109102,0,0,0,3.0
94086,0,112812,0,0,0,1.0
90755,0,36506,0,0,0,3.0
11217,0,71494,0,0,0,3.0
91356,0,44404,0,0,0,2.0
11225,0,37779,0,0,0,1.0
91303,0,88567,0,0,0,2.0
77547,0,44231,0,0,0,1.0
22301,0,300000,0,0,0,1.0
75039,0,0,0,0,0,3.0
90262,0,41431,0,0,0,3.0
11224,0,44938,0,0,0,1.0
77386,0,58424,0,0,0,2.0
90210,0,208338,0,0,0,2.0
94118,0,63551,0,0,0,3.0
91741,0,300000,0,0,0,3.0
60068,0,300000,0,0,0,4.0
24201,0,25864,0,0,0,1.0
60176,0,62081,0,0,0,1.0
93277,0,87021,0,0,0,4.0
10003,0,300000,0,0,0,2.0
92835,0,300000,0,0,0,1.0
91775,0,300000,0,0,0,1.0
11205,0,300000,0,0,0,1.0
90638,0,96936,0,0,0,3.0
91801,0,104023,0,0,0,3.0
90064,0,300000,0,0,0,2.0
94043,0,97043,0,0,0,1.0
77503,0,51664,0,0,0,1.0
22030,0,300000,0,0,0,5.0
77357,0,57057,0,0,0,1.0
60202,0,80386,0,0,0,2.0
90242,0,76695,0,0,0,3.0
95051,0,108998,0,0,0,2.0
94080,0,96033,0,0,0,4.0
37066,0,57335,0,0,0,1.0
77381,0,74749,0,0,0,6.0
10025,0,300000,0,0,0,1.0
94089,0,90728,0,0,0,2.0
75232,0,300000,0,0,0,2.0
22312,0,300000,0,0,0,4.0
77379,0,48975,0,0,0,5.0
91011,0,300000,0,0,0,2.0
11101,0,40506,0,0,0,3.0
94612,0,78171,0,0,0,2.0
77385,0,90121,0,0,0,2.0
75063,0,73694,0,0,0,8.0
91730,0,85634,0,0,0,3.0
32221,0,80713,0,0,0,1.0
60634,0,54001,0,0,0,1.0
37212,0,0,0,0,0,3.0
91306,0,300000,0,0,0,1.0
93536,0,57343,0,0,0,1.0
60613,0,117215,0,0,0,1.0
95014,0,300000,0,0,0,4.0
75218,0,55994,0,0,0,3.0
77546,0,76498,0,0,0,1.0
60657,0,58437,0,0,0,8.0
94134,0,300000,0,0,0,2.0
77089,0,300000,0,0,0,2.0
92106,0,300000,0,0,0,1.0
90740,0,65316,0,0,0,5.0
22303,0,86214,0,0,0,1.0
90230,0,300000,0,0,0,3.0
77095,0,41168,0,0,0,2.0
52601,0,300000,0,0,0,1.0
11220,0,38931,0,0,0,3.0
90212,0,89224,0,0,0,4.0
32119,0,39156,0,0,0,2.0
91104,0,300000,0,0,0,1.0
90019,0,42865,0,0,0,4.0
75146,0,52072,0,0,0,1.0
91506,0,300000,0,0,0,4.0
75035,0,300000,0,0,0,3.0
75203,0,28055,0,0,0,2.0
94109,0,105824,0,0,0,3.0
10128,0,129437,0,0,0,3.0
77301,0,56057,0,0,0,3.0
91606,0,41169,0,0,0,4.0
11373,0,28666,0,0,0,1.0
77449,0,300000,0,0,0,5.0
90712,0,99591,0,0,0,6.0
75244,0,151318,0,0,0,2.0
32311,0,38546,0,0,0,1.0
90802,0,28386,0,0,0,7.0
11201,0,105949,0,0,0,8.0
60060,0,77622,0,0,0,1.0
91024,0,90293,0,0,0,1.0
11433,0,47327,0,0,0,1.0
94121,0,131522,0,0,0,3.0
75217,0,37875,0,0,0,1.0
75061,0,52672,0,0,0,2.0
93722,0,53793,0,0,0,3.0
75238,0,34726,0,0,0,3.0
75028,0,75687,0,0,0,4.0
22314,0,99420,0,0,0,7.0
11214,0,45784,0,0,0,2.0
92833,0,300000,0,0,0,2.0
90606,0,58849,0,0,0,2.0
77036,0,20792,0,0,0,1.0
90660,0,73063,0,0,0,2.0
22304,0,201141,0,0,0,2.0
60035,0,141411,0,0,0,3.0
90039,0,300000,0,0,0,4.0
91331,0,36414,0,0,0,3.0
11105,0,65991,0,0,0,4.0
10451,0,13246,0,0,0,1.0
11211,0,87129,0,0,0,5.0
94702,0,46329,0,0,0,1.0
94112,0,83574,0,0,0,4.0
60187,0,41008,0,0,0,2.0
93535,0,38578,0,0,0,3.0
91754,0,60854,0,0,0,1.0
11233,0,59463,0,0,0,1.0
60018,0,55845,0,0,0,3.0
60659,0,72810,0,0,0,3.0
60002,0,70658,0,0,0,2.0
20190,0,142406,0,0,0,4.0
75214,0,64156,0,0,0,2.0
90025,0,97041,0,0,0,3.0
22204,0,300000,0,0,0,1.0
91770,0,66462,0,0,0,1.0
60622,0,65457,0,0,0,2.0
20111,0,86659,0,0,0,1.0
91206,0,300000,0,0,0,1.0
10001,0,40262,0,0,0,1.0
22201,0,300000,0,0,0,2.0
92105,0,300000,0,0,0,1.0
22307,0,124984,0,0,0,1.0
10314,0,108326,0,0,0,1.0
60056,0,131178,0,0,0,4.0
22044,0,197065,0,0,0,1.0
91325,0,61041,0,0,0,3.0
75032,0,0,0,0,0,2.0
75243,0,0,0,0,0,8.0
32244,0,37446,0,0,0,2.0
11432,0,49395,0,0,0,1.0
90717,0,140323,0,0,0,2.0
75180,0,55512,0,0,0,1.0
91352,0,76038,0,0,0,1.0
11232,0,47512,0,0,0,2.0
22031,0,159997,0,0,0,1.0
32205,0,300000,0,0,0,1.0
90059,0,12486,0,0,0,1.0
93703,0,21914,0,0,0,3.0
90266,0,206024,0,0,0,1.0
11222,0,63790,0,0,0,2.0
60605,0,15307,0,0,0,3.0
91016,0,70785,0,0,0,1.0
60010,0,142459,0,0,0,1.0
91605,0,26032,0,0,0,1.0
93702,0,24284,0,0,0,2.0
10009,0,23603,0,0,0,1.0
93312,0,68372,0,0,0,2.0
75235,0,55033,0,0,0,3.0
94607,0,39174,0,0,0,3.0
22152,0,147960,0,0,0,1.0
90803,0,104705,0,0,0,3.0
93711,0,83707,0,0,0,3.0
60073,0,43465,0,0,0,3.0
93721,0,27171,0,0,0,3.0
90605,0,300000,0,0,0,2.0
11375,0,103910,0,0,0,1.0
60107,0,300000,0,0,0,1.0
91107,0,24459,0,0,0,3.0
90807,0,77305,0,0,0,3.0
91604,0,300000,0,0,0,5.0
32210,0,21983,0,0,0,2.0
90805,0,52217,0,0,0,2.0
10014,0,96567,0,0,0,2.0
11229,0,67319,0,0,0,2.0
77062,0,53561,0,0,0,1.0
90221,0,43934,0,0,0,1.0
93534,0,56932,0,0,0,5.0
11415,0,82191,0,0,0,1.0
90016,0,25753,0,0,0,1.0
75252,0,300000,0,0,0,2.0
90278,0,300000,0,0,0,1.0
32114,0,33511,0,0,0,3.0
11213,0,33732,0,0,0,1.0
32003,0,300000,0,0,0,1.0
10029,0,58119,0,0,0,1.0
77071,0,33782,0,0,0,2.0
77380,0,300000,0,0,0,4.0
91790,0,300000,0,0,0,1.0
75069,0,59038,0,0,0,1.0
20136,0,134710,0,0,0,1.0
91106,0,35231,0,0,0,3.0
90301,0,32736,0,0,0,3.0
93725,0,32819,0,0,0,1.0
90220,0,43250,0,0,0,4.0
91702,0,76099,0,0,0,1.0
93445,0,48931,0,0,0,1.0
37075,0,101195,0,0,0,3.0
77099,0,30582,0,0,0,1.0
75206,0,81177,0,0,0,6.0
32225,0,100253,0,0,0,1.0
60645,0,58498,0,0,0,1.0
60188,0,300000,0,0,0,1.0
90250,0,40862,0,0,0,2.0
76014,0,300000,0,0,0,1.0
60201,0,69616,0,0,0,1.0
91740,0,300000,0,0,0,2.0
60126,0,56797,0,0,0,3.0
60101,0,50570,0,0,0,1.0
60660,0,64803,0,0,0,2.0
75070,0,101768,0,0,0,4.0
93304,0,56986,0,0,0,2.0
60612,0,11398,0,0,0,1.0
90022,0,44387,0,0,0,1.0
37043,0,48077,0,0,0,1.0
77006,0,43092,0,0,0,1.0
60160,0,40406,0,0,0,2.0
77084,0,300000,0,0,0,2.0
10461,0,47243,0,0,0,1.0
32304,0,11275,0,0,0,1.0
22046,0,116916,0,0,0,3.0
75150,0,66697,0,0,0,6.0
77389,0,300000,0,0,0,1.0
91423,0,78022,0,0,0,2.0
75209,0,44734,0,0,0,3.0
60515,0,89987,0,0,0,1.0
32257,0,300000,0,0,0,1.0
90670,0,60661,0,0,0,1.0
77339,0,96054,0,0,0,8.0
22102,0,222333,0,0,0,3.0
75062,0,300000,0,0,0,3.0
11106,0,0,0,0,0,1.0
75234,0,74707,0,0,0,2.0
10466,0,36703,0,0,0,1.0
10301,0,0,0,0,0,1.0
77083,0,300000,0,0,0,1.0
94601,0,40160,0,0,0,2.0
22206,0,99406,0,0,0,1.0
10469,0,69658,0,0,0,2.0
11219,0,27801,0,0,0,2.0
60189,0,83140,0,0,0,1.0
60137,0,119299,0,0,0,2.0
77479,0,67678,0,0,0,2.0
75093,0,93560,0,0,0,6.0
91502,0,35793,0,0,0,5.0
37027,0,121721,0,0,0,4.0
94107,0,120979,0,0,0,2.0
91326,0,300000,0,0,0,2.0
90806,0,37827,0,0,0,5.0
94127,0,300000,0,0,0,1.0
93727,0,300000,0,0,0,1.0
93311,0,91187,0,0,0,1.0
90245,0,86968,0,0,0,5.0
20164,0,300000,0,0,0,3.0
90601,0,78658,0,0,0,2.0
90046,0,46897,0,0,0,2.0
20171,0,73413,0,0,0,1.0
94608,0,20114,0,0,0,4.0
90403,0,156861,0,0,0,1.0
22207,0,300000,0,0,0,5.0
75041,0,37138,0,0,0,5.0
90720,0,43461,0,0,0,3.0
32073,0,43800,0,0,0,4.0
90716,0,96094,0,0,0,1.0
32174,0,38699,0,0,0,1.0
60015,0,300000,0,0,0,7.0
10475,0,41374,0,0,0,2.0
92110,0,122111,0,0,0,1.0
10308,0,300000,0,0,0,1.0
90602,0,48157,0,0,0,3.0
60602,0,62317,0,0,0,1.0
32246,0,76513,0,0,0,2.0
94114,0,300000,0,0,0,2.0
60302,0,98137,0,0,0,1.0
32256,0,51507,0,0,0,1.0
94609,0,79518,0,0,0,1.0
93422,0,17700,0,0,0,1.0
11372,0,46396,0,0,0,1.0
32303,0,39098,0,0,0,2.0
10038,0,49704,0,0,0,2.0
92804,0,300000,0,0,0,1.0
90201,0,56738,0,0,0,2.0
91403,0,63169,0,0,0,1.0
60618,0,109819,0,0,0,1.0
90293,0,71650,0,0,0,2.0
75231,0,26723,0,0,0,3.0
10016,0,68128,0,0,0,1.0
75020,0,300000,0,0,0,2.0
60014,0,76573,0,0,0,4.0
94117,0,300000,0,0,0,2.0
91701,0,34071,0,0,0,2.0
77477,0,56852,0,0,0,6.0
75001,0,70948,0,0,0,5.0
60061,0,51711,0,0,0,2.0
94132,0,67378,0,0,0,6.0
91103,0,44804,0,0,0,3.0
60074,0,300000,0,0,0,4.0
7206,0,59689,0,0,0,1.0
22041,0,65204,0,0,0,2.0
90048,0,62610,0,0,0,3.0
91205,0,39268,0,0,0,4.0
75208,0,43461,0,0,0,1.0
91007,0,52547,0,0,0,1.0
93705,0,58859,0,0,0,3.0
10040,0,76494,0,0,0,1.0
91344,0,300000,0,0,0,1.0
90650,0,300000,0,0,0,2.0
75007,0,65585,0,0,0,1.0
75219,0,126166,0,0,0,3.0
11215,0,73722,0,0,0,2.0
20120,0,115256,0,0,0,1.0
91724,0,62609,0,0,0,1.0
77429,0,70037,0,0,0,3.0
91343,0,85144,0,0,0,2.0
75201,0,74606,0,0,0,7.0
94085,0,115034,0,0,0,1.0
77450,0,102269,0,0,0,3.0
75081,0,83502,0,0,0,3.0
60062,0,101106,0,0,0,2.0
93433,0,300000,0,0,0,1.0
60013,0,300000,0,0,0,1.0
90211,0,60080,0,0,0,1.0
94123,0,110331,0,0,0,2.0
24202,0,51504,0,0,0,1.0
22302,0,121631,0,0,0,1.0
91030,0,55405,0,0,0,2.0
90501,0,63008,0,0,0,2.0
94544,0,51352,0,0,0,1.0
11369,0,300000,0,0,0,1.0
75205,0,215868,0,0,0,4.0
22180,0,300000,0,0,0,5.0
75074,0,105287,0,0,0,2.0
94579,0,60725,0,0,0,2.0
75098,0,84934,0,0,0,1.0
10024,0,300000,0,0,0,2.0
77504,0,78790,0,0,0,3.0
7030,0,125553,0,0,0,1.0
60646,0,111554,0,0,0,1.0
90044,0,27101,0,0,0,1.0
90045,0,107969,0,0,0,12.0
77005,0,300000,0,0,0,2.0
22150,0,88102,0,0,0,2.0
90027,0,64881,0,0,0,1.0
90620,0,73636,0,0,0,3.0
11418,0,71093,0,0,0,1.0
10455,0,21900,0,0,0,1.0
11238,0,65566,0,0,0,1.0
90808,0,300000,0,0,0,2.0
60181,0,73947,0,0,0,3.0
93704,0,75728,0,0,0,2.0
93308,0,35774,0,0,0,1.0
60640,0,62188,0,0,0,4.0
22033,0,300000,0,0,0,5.0
93420,0,63124,0,0,0,3.0
60194,0,62292,0,0,0,2.0
94070,0,69384,0,0,0,1.0
94103,0,17195,0,0,0,3.0
93710,0,30873,0,0,0,8.0
90505,0,300000,0,0,0,5.0
11378,0,49897,0,0,0,2.0
10036,0,0,0,0,0,1.0
10023,0,160021,0,0,0,1.0
91202,0,113952,0,0,0,2.0
90745,0,57020,0,0,0,4.0
90701,0,61821,0,0,0,1.0
90035,0,77492,0,0,0,1.0
20169,0,96442,0,0,0,1.0
90746,0,48895,0,0,0,8.0
37210,0,300000,0,0,0,2.0
11230,0,48180,0,0,0,1.0
91201,0,70374,0,0,0,2.0
75034,0,300000,0,0,0,8.0
22003,0,82442,0,0,0,3.0
90503,0,300000,0,0,0,4.0
20152,0,52723,0,0,0,1.0
75204,0,84399,0,0,0,2.0
60016,0,65670,0,0,0,1.0
90036,0,300000,0,0,0,1.0
77346,0,68943,0,0,0,3.0
60626,0,42875,0,0,0,2.0
90814,0,47193,0,0,0,1.0
77382,0,121972,0,0,0,1.0
75067,0,300000,0,0,0,6.0
94015,0,300000,0,0,0,1.0
10019,0,69242,0,0,0,4.0
77489,0,47940,0,0,0,1.0
37013,0,43894,0,0,0,1.0
20147,0,119556,0,0,0,6.0
93612,0,46353,0,0,0,4.0
90703,0,96089,0,0,0,2.0
75287,0,32230,0,0,0,1.0
10002,0,91469,0,0,0,2.0
75115,0,58616,0,0,0,3.0
77070,0,65430,0,0,0,1.0
22124,0,120625,0,0,0,2.0
75056,0,300000,0,0,0,5.0
94606,0,63541,0,0,0,2.0
77032,0,51439,0,0,0,2.0
22182,0,113602,0,0,0,2.0
94578,0,300000,0,0,0,1.0
75050,0,34200,0,0,0,2.0
37203,0,23571,0,0,0,2.0
60004,0,95962,0,0,0,4.0
22306,0,58295,0,0,0,1.0
11237,0,62611,0,0,0,2.0
93449,0,94742,0,0,0,2.0
11421,0,93891,0,0,0,1.0
60647,0,66598,0,0,0,6.0
10803,0,212250,0,0,0,2.0
90292,0,94781,0,0,0,2.0
91364,0,44205,0,0,0,2.0
77079,0,300000,0,0,0,1.0
90640,0,49628,0,0,0,5.0
91405,0,37333,0,0,0,3.0
60025,0,69189,0,0,0,2.0
37217,0,27852,0,0,0,1.0
90630,0,300000,0,0,0,6.0
91307,0,89857,0,0,0,1.0
94546,0,300000,0,0,0,3.0
10459,0,24844,0,0,0,1.0
60103,0,300000,0,0,0,1.0
60091,0,300000,0,0,0,2.0
11206,0,52856,0,0,0,1.0
92113,0,30148,0,0,0,1.0
60048,0,36002,0,0,0,1.0
20191,0,101584,0,0,0,2.0
90502,0,63800,0,0,0,1.0
60642,0,74140,0,0,0,3.0
92101,0,69051,0,0,0,3.0
91411,0,22542,0,0,0,1.0
32216,0,66153,0,0,0,2.0
91791,0,104414,0,0,0,2.0
77478,0,80183,0,0,0,3.0
90061,0,44268,0,0,0,1.0
60607,0,125702,0,0,0,7.0
60155,0,59028,0,0,0,2.0
75240,0,71788,0,0,0,5.0
91302,0,300000,0,0,0,1.0
11103,0,82248,0,0,0,1.0
11210,0,48829,0,0,0,2.0
90813,0,24828,0,0,0,4.0
60090,0,58788,0,0,0,3.0
20110,0,72878,0,0,0,2.0
11419,0,41819,0,0,0,1.0
75182,0,124918,0,0,0,1.0
90713,0,75940,0,0,0,2.0
60131,0,36424,0,0,0,1.0
20155,0,105372,0,0,0,2.0
90041,0,59408,0,0,0,4.0
32224,0,300000,0,0,0,1.0
92115,0,28255,0,0,0,1.0
75248,0,86387,0,0,0,2.0
77375,0,136637,0,0,0,2.0
11221,0,45627,0,0,0,1.0
60714,0,76515,0,0,0,7.0
75228,0,32787,0,0,0,2.0
10303,0,300000,0,0,0,1.0
10022,0,17622,0,0,0,1.0
75002,0,169040,0,0,0,2.0
11209,0,95157,0,0,0,1.0
22043,0,155572,0,0,0,3.0
60162,0,52069,0,0,0,2.0
60067,0,300000,0,0,0,2.0
75052,0,104518,0,0,0,3.0
93726,0,46592,0,0,0,4.0
91776,0,47607,0,0,0,1.0
37214,0,76631,0,0,0,1.0
77494,0,141709,0,0,0,3.0
75023,0,300000,0,0,0,1.0
10013,0,54857,0,0,0,1.0
92683,0,43211,0,0,0,2.0
94116,0,60686,0,0,0,2.0
93720,0,43176,0,0,0,5.0
92843,0,36354,0,0,0,1.0
91402,0,42001,0,0,0,2.0
77598,0,32372,0,0,0,2.0
93728,0,23315,0,0,0,1.0
91803,0,58614,0,0,0,1.0
91316,0,300000,0,0,0,1.0
94102,0,21830,0,0,0,2.0
92104,0,54831,0,0,0,1.0
90240,0,300000,0,0,0,1.0
11223,0,33741,0,0,0,1.0
75019,0,300000,0,0,0,3.0
75025,0,300000,0,0,0,2.0
91335,0,59693,0,0,0,3.0
75149,0,43792,0,0,0,2.0
93611,0,89265,0,0,0,5.0
90066,0,116703,0,0,0,3.0
32034,0,22789,0,0,0,2.0
91204,0,55120,0,0,0,1.0
60804,0,35830,0,0,0,2.0
22202,0,113550,0,0,0,1.0
11435,0,66568,0,0,0,1.0
60614,0,54244,0,0,0,7.0
90604,0,62108,0,0,0,1.0
91406,0,39263,0,0,0,3.0
91324,0,44427,0,0,0,8.0
93306,0,59094,0,0,0,1.0
94124,0,92794,0,0,0,1.0
90631,0,72539,0,0,0,9.0
77074,0,62806,0,0,0,1.0
77304,0,64826,0,0,0,4.0
77502,0,34116,0,0,0,2.0
60047,0,157184,0,0,0,1.0
22203,0,65963,0,0,0,6.0
22151,0,300000,0,0,0,2.0
94087,0,113437,0,0,0,3.0
91732,0,57351,0,0,0,1.0
75051,0,46591,0,0,0,3.0
92107,0,92153,0,0,0,1.0
90706,0,300000,0,0,0,2.0
94063,0,43771,0,0,0,1.0
20109,0,50724,0,0,0,3.0
91731,0,55648,0,0,0,1.0
75060,0,31748,0,0,0,3.0
11218,0,44950,0,0,0,1.0
77396,0,16245,0,0,0,1.0
77401,0,300000,0,0,0,1.0
77098,0,172493,0,0,0,3.0
37204,0,54579,0,0,0,3.0
32308,0,42408,0,0,0,2.0
90248,0,300000,0,0,0,1.0
75225,0,300000,0,0,0,3.0
77345,0,86673,0,0,0,1.0
60045,0,162335,0,0,0,1.0
91504,0,63799,0,0,0,2.0
60053,0,300000,0,0,0,1.0
90405,0,46977,0,0,0,2.0
75071,0,82641,0,0,0,2.0
77096,0,133447,0,0,0,2.0
32129,0,36907,0,0,0,2.0
90024,0,91139,0,0,0,7.0
60031,0,300000,0,0,0,5.0
20151,0,300000,0,0,0,7.0
11104,0,67771,0,0,0,1.0
60005,0,83407,0,0,0,1.0
90065,0,300000,0,0,0,2.0
20170,0,300000,0,0,0,2.0
90003,0,34678,0,0,0,1.0
90804,0,39139,0,0,0,1.0
75043,0,62805,0,0,0,3.0
94115,0,141923,0,0,0,2.0
60064,0,45288,0,0,0,1.0
90270,0,21049,0,0,0,1.0
60305,0,166684,0,0,0,1.0
32118,0,28511,0,0,0,2.0
75075,0,26215,0,0,0,7.0
60625,0,65824,0,0,0,4.0
75068,0,42947,0,0,0,1.0
77338,0,60475,0,0,0,4.0
92821,0,64980,0,0,0,1.0
91340,0,66670,0,0,0,1.0
32068,0,49944,0,0,0,1.0
22191,0,300000,0,0,0,1.0
90247,0,35604,0,0,0,2.0
91764,0,44939,0,0,0,5.0
91401,0,54369,0,0,0,2.0
20176,0,38960,0,0,0,1.0
11216,0,43209,0,0,0,1.0
32084,0,60742,0,0,0,2.0
60638,0,53244,0,0,0,1.0
91706,0,42556,0,0,0,1.0
77034,0,39263,0,0,0,2.0
75237,0,17957,0,0,0,2.0
60641,0,38893,0,0,0,2.0
93706,0,18241,0,0,0,1.0
11368,0,72674,0,0,0,1.0
10021,0,0,0,0,0,2.0
91001,0,300000,0,0,0,1.0
60164,0,42306,0,0,0,1.0
95129,0,142188,0,0,0,1.0
91367,0,72104,0,0,0,4.0
75087,0,300000,0,0,0,3.0
7302,0,40321,0,0,0,1.0
10463,0,24253,0,0,0,1.0
92845,0,300000,0,0,0,2.0
94014,0,74953,0,0,0,2.0
11354,0,57563,0,0,0,1.0
93291,0,25640,0,0,0,3.0
77056,0,45189,0,0,0,2.0
75246,0,26736,0,0,0,1.0
90815,0,63316,0,0,0,9.0
60707,0,300000,0,0,0,2.0
60172,0,97129,0,0,0,1.0
90012,0,15956,0,0,0,2.0
10065,0,118775,0,0,0,1.0
60077,0,60332,0,0,0,3.0
91101,0,43316,0,0,0,5.0
93309,0,42479,0,0,0,4.0
90068,0,98295,0,0,0,1.0
75230,0,108288,0,0,0,2.0
32217,0,16659,0,0,0,2.0
91505,0,300000,0,0,0,5.0
77388,0,109613,0,0,0,1.0
22315,0,141414,0,0,0,2.0
77373,0,58378,0,0,0,2.0
94108,0,56013,0,0,0,1.0
91203,0,34908,0,0,0,1.0
75065,0,77070,0,0,0,2.0
32207,0,29766,0,0,0,3.0
91311,0,90602,0,0,0,4.0
37211,0,300000,0,0,0,3.0
60021,0,300000,0,0,0,2.0
22192,0,78914,0,0,0,2.0
94110,0,38568,0,0,0,6.0
60007,0,48822,0,0,0,6.0
90017,0,58114,0,0,0,3.0
90056,0,38801,0,0,0,1.0
92103,0,88389,0,0,0,1.0
90010,0,300000,0,0,0,2.0
77459,0,139452,0,0,0,1.0
11102,0,81067,0,0,0,1.0
90680,0,47046,0,0,0,1.0
75024,0,93054,0,0,0,3.0
60653,0,58519,0,0,0,1.0
22015,0,138532,0,0,0,2.0
94501,0,43007,0,0,0,5.0
90621,0,52358,0,0,0,1.0
10305,0,91021,0,0,0,1.0
90034,0,300000,0,0,0,4.0
75080,0,62412,0,0,0,7.0
10004,0,0,0,0,0,3.0
91304,0,41995,0,0,0,1.0
60130,0,51303,0,0,0,1.0
75040,0,63817,0,0,0,4.0
90029,0,28797,0,0,0,1.0
90254,0,117114,0,0,0,1.0
90028,0,83180,0,0,0,3.0
37215,0,129747,0,0,0,3.0
11417,0,58417,0,0,0,1.0
37115,0,28638,0,0,0,1.0
90404,0,94342,0,0,0,1.0
92116,0,37570,0,0,0,2.0
60148,0,58725,0,0,0,2.0
